umap_n_neighbors,umap_min_dist,dbscan_eps,dbscan_min_samples,n_clusters,noise_frac,silhouette,davies_bouldin,calinski_harabasz
60,0.0,0.4,5,18,2.2118510981840703e-05,0.7057691812515259,0.3892981491975331,417306.6875
60,0.0,0.4,10,18,2.2118510981840703e-05,0.7057691812515259,0.3892981491975331,417306.6875
60,0.0,0.4,15,18,2.2118510981840703e-05,0.7057691812515259,0.3892981491975331,417306.6875
60,0.0,0.4,20,18,2.2118510981840703e-05,0.7057691812515259,0.3892981491975331,417306.6875
60,0.0,0.4,30,18,2.2118510981840703e-05,0.7057691812515259,0.3892981491975331,417306.6875
60,0.0,0.4,50,18,2.2118510981840703e-05,0.7057691812515259,0.3892981491975331,417306.6875
25,0.0,0.5,30,20,0.0005529627745460175,0.699944794178009,0.3890634402542612,302686.03125
25,0.0,0.5,50,20,0.0005529627745460175,0.699944794178009,0.3890634402542612,302686.03125
40,0.0,0.3,50,28,0.00028754064276392913,0.6979920268058777,0.36279955161116656,352878.40625
15,0.2,0.1,50,154,0.5361527061998186,0.6974055767059326,0.4111606853930365,618926.1875
40,0.0,0.25,20,28,0.00039813319767313264,0.6970042586326599,0.36192159475968094,352904.875
40,0.0,0.25,10,28,0.00035389617570945125,0.6966435313224792,0.36193956058798854,352840.84375
40,0.0,0.25,15,28,0.00035389617570945125,0.6966435313224792,0.36193956058798854,352840.84375
40,0.0,0.25,5,28,0.00015482957687288493,0.6958884000778198,0.36212554880527625,352557.1875
60,0.0,0.3,5,20,6.63555329455221e-05,0.6949195265769958,0.3821738783879156,384868.375
25,0.0,0.3,5,27,4.4237021963681406e-05,0.6942792534828186,0.377307928898274,309932.65625
25,0.0,0.4,5,22,0.0,0.6927119493484497,0.3791027151401325,278075.375
25,0.0,0.4,10,22,0.0,0.6927119493484497,0.3791027151401325,278075.375
60,0.0,0.3,10,21,6.63555329455221e-05,0.6922685503959656,0.37860664824202495,374395.6875
60,0.0,0.3,15,21,6.63555329455221e-05,0.6922685503959656,0.37860664824202495,374395.6875
60,0.0,0.3,20,21,6.63555329455221e-05,0.6922685503959656,0.37860664824202495,374395.6875
60,0.0,0.3,30,21,6.63555329455221e-05,0.6922685503959656,0.37860664824202495,374395.6875
25,0.0,0.5,20,21,0.0,0.6914554834365845,0.3849286724300834,287770.15625
40,0.0,0.3,30,27,0.00024330362080024774,0.689361572265625,0.37245451075122277,290816.40625
25,0.0,0.3,30,28,0.0007741478843644246,0.6870507597923279,0.36981139151905623,343128.96875
25,0.0,0.4,30,22,0.0005750812855278583,0.6852685809135437,0.3792703830318524,298166.9375
25,0.0,0.4,50,22,0.0005750812855278583,0.6852685809135437,0.3792703830318524,298166.9375
40,0.0,0.3,10,26,6.63555329455221e-05,0.6844102144241333,0.37980988956746614,298581.0
40,0.0,0.3,20,26,0.00022118510981840702,0.683083713054657,0.37974500884028894,298699.375
40,0.0,0.3,15,26,0.00015482957687288493,0.6823031902313232,0.3797640204521517,298691.46875
40,0.0,0.4,50,23,2.2118510981840703e-05,0.6818893551826477,0.4225894339764705,334520.09375
60,0.0,0.15,20,42,0.002057021521311185,0.6806791424751282,0.37147734396931353,650258.625
25,0.0,0.3,15,28,0.00022118510981840702,0.6794134378433228,0.37439396893500554,329293.09375
25,0.0,0.3,20,28,0.00022118510981840702,0.6794134378433228,0.37439396893500554,329293.09375
25,0.0,0.3,10,28,0.00017694808785472562,0.6788488626480103,0.374416041498624,329214.28125
40,0.05,0.3,20,24,0.0005750812855278583,0.6782668232917786,0.38795144129653303,272674.375
60,0.0,0.5,5,17,2.2118510981840703e-05,0.6780835390090942,0.4160222357410332,323813.4375
60,0.0,0.5,10,17,2.2118510981840703e-05,0.6780835390090942,0.4160222357410332,323813.4375
60,0.0,0.5,15,17,2.2118510981840703e-05,0.6780835390090942,0.4160222357410332,323813.4375
60,0.0,0.5,20,17,2.2118510981840703e-05,0.6780835390090942,0.4160222357410332,323813.4375
60,0.0,0.5,30,17,2.2118510981840703e-05,0.6780835390090942,0.4160222357410332,323813.4375
60,0.0,0.5,50,17,2.2118510981840703e-05,0.6780835390090942,0.4160222357410332,323813.4375
25,0.0,0.4,15,23,0.0,0.6778085827827454,0.37588415815794995,284774.4375
25,0.0,0.4,20,23,0.0,0.6778085827827454,0.37593487613690574,284807.125
25,0.0,0.15,20,48,0.002764813872730088,0.677531361579895,0.37747495602378534,448974.71875
40,0.05,0.25,30,29,0.0008626219282917873,0.6767395734786987,0.3801142262653303,256914.953125
10,0.0,0.2,50,49,0.006237420096879078,0.6764425039291382,0.3897319032567641,275548.03125
40,0.05,0.3,50,24,0.0007520293733825838,0.6761912703514099,0.3878829373302282,272713.28125
25,0.0,0.25,20,33,0.00030965915374576986,0.6760969161987305,0.38909087817413024,321023.0
40,0.0,0.3,5,24,4.4237021963681406e-05,0.6750832796096802,0.3861578100706118,241367.390625
40,0.05,0.3,30,24,0.0006414368184733803,0.6749528050422668,0.38792485288595646,272683.90625
40,0.05,0.3,10,25,0.00017694808785472562,0.6746185421943665,0.3851388386752271,261471.65625
40,0.05,0.3,15,25,0.00017694808785472562,0.6746185421943665,0.3851388386752271,261471.65625
40,0.0,0.4,20,19,2.2118510981840703e-05,0.6745648384094238,0.4141931289969746,294947.78125
40,0.0,0.4,30,19,2.2118510981840703e-05,0.6745648384094238,0.4141931289969746,294947.78125
40,0.0,0.5,5,17,2.2118510981840703e-05,0.6734674572944641,0.4073906318886924,184410.578125
40,0.0,0.5,10,17,2.2118510981840703e-05,0.6734674572944641,0.4073906318886924,184410.578125
40,0.0,0.5,15,17,2.2118510981840703e-05,0.6734674572944641,0.4073906318886924,184410.578125
40,0.0,0.5,20,17,2.2118510981840703e-05,0.6734674572944641,0.4073906318886924,184410.578125
40,0.0,0.5,30,17,2.2118510981840703e-05,0.6734674572944641,0.4073906318886924,184410.578125
40,0.0,0.5,50,17,2.2118510981840703e-05,0.6734674572944641,0.4073906318886924,184410.578125
40,0.05,0.25,5,27,0.00030965915374576986,0.6731457114219666,0.3718948449159124,242333.59375
40,0.05,0.25,10,27,0.0003760146866912919,0.6730189323425293,0.37185134135126746,242341.40625
40,0.0,0.25,30,30,0.00039813319767313264,0.6719966530799866,0.3797856525357266,417855.5
25,0.0,0.2,10,36,0.0005087257525823362,0.6719673275947571,0.36390175235923494,304716.375
40,0.05,0.3,5,25,0.00011059255490920351,0.6718645691871643,0.38524896229946703,261473.078125
25,0.0,0.25,10,32,0.00024330362080024774,0.6701242923736572,0.3936026219328498,324719.59375
40,0.05,0.25,15,27,0.00044237021963681403,0.6700955629348755,0.3718414104002512,242342.5625
60,0.0,0.2,5,29,0.00022118510981840702,0.6700265407562256,0.44530517771570854,433271.03125
25,0.0,0.25,5,31,6.63555329455221e-05,0.669536828994751,0.4027328881988847,330116.03125
25,0.0,0.25,15,32,0.0002654221317820884,0.6681064963340759,0.39359328433004626,324762.125
60,0.0,0.15,30,44,0.003848620910840282,0.6679683327674866,0.3988412544252805,673374.3125
25,0.0,0.15,15,44,0.0019685474773838223,0.6672436594963074,0.37258798526744513,452823.9375
25,0.2,0.1,50,162,0.40808652761496095,0.6642599701881409,0.44281401452251795,635474.375
40,0.0,0.25,50,33,0.00046448873061865476,0.6640534400939941,0.409932021482242,470507.3125
40,0.05,0.2,10,32,0.0007077923514189025,0.663994312286377,0.374380694988417,313072.71875
40,0.0,0.2,5,29,0.00028754064276392913,0.6639887690544128,0.4027307800271608,349705.75
60,0.0,0.25,5,22,0.0001327110658910442,0.6638932228088379,0.4159378938856986,365532.53125
25,0.0,0.5,5,20,0.0,0.6635252833366394,0.40888443183085244,222223.453125
25,0.0,0.5,10,20,0.0,0.6635252833366394,0.40888443183085244,222223.453125
25,0.0,0.5,15,20,0.0,0.6635252833366394,0.40888443183085244,222223.453125
60,0.0,0.2,30,36,0.0009953329941828316,0.6633429527282715,0.3890502543639822,476291.5625
40,0.05,0.25,20,27,0.0008405034173099467,0.6626591682434082,0.3967332299242898,258822.265625
60,0.1,0.4,5,16,0.0,0.6613257527351379,0.41896547550254937,214845.671875
60,0.1,0.5,10,16,0.0,0.6613257527351379,0.41896547550254937,214845.671875
60,0.1,0.5,15,16,0.0,0.6613257527351379,0.41896547550254937,214845.671875
60,0.1,0.5,20,16,0.0,0.6613257527351379,0.41896547550254937,214845.671875
60,0.1,0.5,30,16,0.0,0.6613257527351379,0.41896547550254937,214845.671875
60,0.1,0.5,50,16,0.0,0.6613257527351379,0.41896547550254937,214845.671875
60,0.0,0.25,15,24,0.00017694808785472562,0.6609973907470703,0.44625875703504403,376966.25
40,0.0,0.2,30,34,0.0006856738404370618,0.6608774065971375,0.39917450358871687,469647.96875
60,0.0,0.2,15,33,0.0004866072416004955,0.6606850624084473,0.3999614472156107,500952.625
40,0.0,0.2,20,34,0.0005750812855278583,0.6604059338569641,0.39922822688005377,469601.59375
40,0.0,0.2,10,33,0.0004866072416004955,0.6600496172904968,0.4070311289766049,451464.375
60,0.0,0.2,20,35,0.0005308442635641768,0.659636378288269,0.39831458028994987,484227.21875
60,0.0,0.25,20,25,0.0002654221317820884,0.6595537066459656,0.4164652757670839,370781.5
40,0.0,0.15,10,38,0.001128044060073876,0.659521758556366,0.3914510062529185,506102.875
60,0.0,0.25,10,24,0.00015482957687288493,0.6592835783958435,0.44627902333946645,376924.03125
40,0.0,0.2,15,34,0.0005308442635641768,0.6591876149177551,0.39929766304802283,469561.125
25,0.0,0.3,50,30,0.0007741478843644246,0.658921480178833,0.39267149990002087,392910.96875
40,0.0,0.4,5,18,2.2118510981840703e-05,0.6583216786384583,0.419070676376674,175100.984375
40,0.0,0.4,10,18,2.2118510981840703e-05,0.6583216786384583,0.419070676376674,175100.984375
40,0.0,0.4,15,18,2.2118510981840703e-05,0.6583216786384583,0.419070676376674,175100.984375
25,0.0,0.2,5,36,0.00024330362080024774,0.6575406789779663,0.38371109339839315,298394.28125
40,0.0,0.15,30,49,0.003583198779058194,0.6570447683334351,0.41103159985236526,561488.375
10,0.0,0.5,50,25,0.0005529627745460175,0.6568078398704529,0.415324934018428,178921.265625
40,0.0,0.15,50,58,0.0072327530910619095,0.6567389369010925,0.41603385079026156,639544.8125
60,0.0,0.2,50,38,0.0019685474773838223,0.6562109589576721,0.37040401311963,549035.5625
60,0.0,0.15,15,39,0.0015261772577470085,0.6558049321174622,0.3939827708781141,609659.5625
60,0.1,0.4,50,18,4.4237021963681406e-05,0.6554902791976929,0.40830173945901876,192573.390625
60,0.05,0.15,20,43,0.0028754064276392912,0.6552491188049316,0.38461655740422473,511355.5625
40,0.05,0.4,20,19,0.00042025170865497336,0.6552479267120361,0.43295205254217706,217804.5625
60,0.1,0.4,10,17,0.0,0.6551985144615173,0.4089768704032033,201834.46875
60,0.1,0.4,15,17,0.0,0.6551985144615173,0.4089768704032033,201834.46875
60,0.1,0.4,20,17,0.0,0.6551985144615173,0.4089768704032033,201834.46875
60,0.1,0.4,30,17,0.0,0.6551985144615173,0.4089768704032033,201834.46875
40,0.0,0.15,15,40,0.001415584702837805,0.654678225517273,0.3947985931484143,511898.0625
60,0.0,0.15,5,33,0.0009510959722191502,0.6544743180274963,0.4424171983643752,496871.8125
60,0.0,0.15,10,38,0.0012386366149830794,0.6539844870567322,0.3897339137337736,554649.0
60,0.05,0.25,30,25,0.00044237021963681403,0.6534023284912109,0.4358398892260251,309692.8125
60,0.0,0.15,50,53,0.006325894140806441,0.6533088088035583,0.41157516255571536,673490.6875
10,0.0,0.25,50,38,0.00409192453164053,0.6530339121818542,0.388618051249724,238473.4375
15,0.0,0.3,20,32,6.63555329455221e-05,0.6529039144515991,0.35812153482231435,241458.515625
15,0.0,0.3,50,31,0.0006856738404370618,0.6527237296104431,0.3613046150134225,249284.46875
60,0.0,0.2,10,31,0.00042025170865497336,0.6525012850761414,0.4567748750268044,520133.84375
60,0.05,0.4,50,18,4.4237021963681406e-05,0.652498722076416,0.4422827563465068,268750.375
40,0.05,0.4,15,20,2.2118510981840703e-05,0.652349591255188,0.42720177696407824,206467.4375
60,0.1,0.3,5,18,4.4237021963681406e-05,0.6520757079124451,0.4363071630776585,236864.953125
10,0.0,0.5,30,24,0.0005529627745460175,0.651663601398468,0.41896215271415577,176751.65625
15,0.0,0.3,30,31,0.000663555329455221,0.6516449451446533,0.3614161167599792,249296.8125
40,0.05,0.2,5,30,0.0005529627745460175,0.651188850402832,0.38906092012172455,306272.21875
40,0.1,0.2,10,29,0.0007299108624007432,0.6508604884147644,0.4064035474242365,243529.390625
40,0.05,0.5,20,18,0.00039813319767313264,0.6508113145828247,0.41284647068717645,170414.15625
40,0.05,0.5,30,18,0.00039813319767313264,0.6508113145828247,0.41284647068717645,170414.15625
40,0.05,0.5,50,18,0.00039813319767313264,0.6508113145828247,0.41284647068717645,170414.15625
40,0.05,0.4,30,20,0.00042025170865497336,0.650583028793335,0.42373907186679743,206747.625
40,0.05,0.4,50,20,0.00042025170865497336,0.650583028793335,0.42373907186679743,206747.625
15,0.0,0.3,10,31,6.63555329455221e-05,0.6498186588287354,0.3636602280644451,244973.34375
15,0.0,0.3,15,31,6.63555329455221e-05,0.6498186588287354,0.3636602280644451,244973.34375
25,0.0,0.15,10,43,0.0012386366149830794,0.6496687531471252,0.3854968930328343,400642.5
40,0.05,0.5,5,18,2.2118510981840703e-05,0.6491403579711914,0.41403617849537105,170485.78125
40,0.05,0.5,10,18,2.2118510981840703e-05,0.6491403579711914,0.41403617849537105,170485.78125
40,0.05,0.5,15,18,2.2118510981840703e-05,0.6491403579711914,0.41403617849537105,170485.78125
25,0.0,0.2,50,44,0.0035389617570945123,0.64838707447052,0.38671249592081375,403079.5625
60,0.0,0.1,5,45,0.002587865784875362,0.6482650637626648,0.45050996659929116,581010.4375
40,0.0,0.15,20,43,0.001946428966401982,0.6478114128112793,0.429050894618361,561562.75
25,0.0,0.15,50,57,0.011302559111720598,0.6475724577903748,0.4220909400311666,529097.5
60,0.1,0.3,30,19,0.0002654221317820884,0.6467264890670776,0.4341611858328338,227594.0625
25,0.05,0.5,30,17,0.000663555329455221,0.6466497778892517,0.4928389481441782,204068.734375
40,0.0,0.15,5,39,0.0007299108624007432,0.6466065645217896,0.3921016591579996,492512.9375
15,0.0,0.3,5,30,4.4237021963681406e-05,0.6454736590385437,0.37739001823424634,252383.03125
40,0.05,0.4,5,19,2.2118510981840703e-05,0.6452565789222717,0.4078007025310862,161041.234375
40,0.05,0.4,10,19,2.2118510981840703e-05,0.6452565789222717,0.4078007025310862,161041.234375
25,0.0,0.2,30,39,0.002034903010329345,0.6451605558395386,0.3885058262510085,394448.53125
60,0.05,0.25,20,24,0.00035389617570945125,0.6451360583305359,0.3906959895016187,310532.46875
60,0.05,0.2,50,40,0.003052354515494017,0.644787609577179,0.39916708161998005,474384.90625
60,0.05,0.25,15,24,0.00030965915374576986,0.6445021033287048,0.39069986609040636,310518.96875
60,0.1,0.3,10,19,0.0001327110658910442,0.6444236636161804,0.43418261677130365,227537.078125
60,0.1,0.3,15,19,0.0001327110658910442,0.6444236636161804,0.43422734677844355,227540.21875
40,0.05,0.25,50,32,0.001327110658910442,0.6442520618438721,0.4136551657210865,273670.8125
15,0.0,0.5,20,25,0.0,0.6441875100135803,0.4061231161477348,209974.515625
60,0.1,0.3,20,19,0.00015482957687288493,0.6432979702949524,0.4342148793280588,227552.296875
25,0.0,0.2,20,40,0.0008405034173099467,0.6432300806045532,0.3843227605240288,384777.65625
10,0.0,0.2,20,43,0.0011722810820375571,0.6431451439857483,0.37544859432984273,192181.375
60,0.05,0.2,15,33,0.0006414368184733803,0.6429156064987183,0.43072894108661064,438856.3125
60,0.05,0.3,50,20,0.00030965915374576986,0.6426304578781128,0.42941948090449167,246242.34375
10,0.0,0.5,5,25,0.0,0.6424896717071533,0.41358800041276816,169514.296875
10,0.0,0.5,10,25,0.0,0.6424896717071533,0.41358800041276816,169514.296875
10,0.0,0.5,15,25,0.0,0.6424896717071533,0.41358800041276816,169514.296875
10,0.0,0.5,20,25,0.0,0.6424896717071533,0.41358800041276816,169514.296875
15,0.0,0.5,30,24,0.000597199796509699,0.6424680948257446,0.4123786837057776,218918.96875
15,0.0,0.5,50,24,0.000597199796509699,0.6424680948257446,0.4123786837057776,218918.96875
25,0.0,0.15,5,40,0.0009510959722191502,0.6422869563102722,0.41310032915450623,367119.4375
40,0.0,0.2,50,38,0.0012828736369467607,0.6421123147010803,0.44319047691908414,439898.6875
25,0.0,0.25,30,34,0.0008847404392736281,0.6416079998016357,0.4282093316716526,393717.78125
15,0.0,0.25,50,38,0.001039570016146513,0.641268253326416,0.41579227013924003,314887.34375
60,0.05,0.2,10,28,0.0005087257525823362,0.6412597894668579,0.423480495865415,345224.0
10,0.05,0.3,30,33,0.0012386366149830794,0.6402760148048401,0.40255866123542955,135706.859375
60,0.0,0.25,30,28,0.0003317776647276105,0.6400896310806274,0.4301118709306511,400416.09375
25,0.0,0.25,50,38,0.000973214483200991,0.6398137211799622,0.39301319550052066,399833.53125
15,0.05,0.4,5,24,2.2118510981840703e-05,0.6393022537231445,0.4199170032998669,182032.3125
15,0.0,0.4,5,26,0.0,0.6393000483512878,0.39954386371941497,202118.015625
15,0.0,0.4,10,26,0.0,0.6393000483512878,0.39954386371941497,202118.015625
25,0.0,0.2,15,40,0.0007741478843644246,0.6392084360122681,0.38435599290842354,384748.65625
10,0.0,0.2,10,41,0.000663555329455221,0.638959527015686,0.38457325607648263,198494.328125
60,0.05,0.3,30,20,0.00024330362080024774,0.6387927532196045,0.42948888803319923,246233.25
10,0.1,0.1,50,177,0.2900842715268408,0.6387175917625427,0.47476237415629285,604249.4375
60,0.05,0.3,20,20,0.00017694808785472562,0.6386421918869019,0.42947613588509653,246250.265625
10,0.0,0.2,15,42,0.0007077923514189025,0.6385377645492554,0.385537558981862,195102.890625
60,0.05,0.2,5,27,0.00042025170865497336,0.6382837891578674,0.42513784981462766,292501.875
25,0.0,0.1,10,64,0.004976664970914158,0.6377447843551636,0.42729099120642633,445548.78125
15,0.0,0.4,30,25,0.0006414368184733803,0.6376103758811951,0.40527586723820247,210348.875
15,0.0,0.4,50,25,0.0006414368184733803,0.6376103758811951,0.40527586723820247,210348.875
15,0.0,0.4,15,26,2.2118510981840703e-05,0.6374170780181885,0.3995525825916031,202113.59375
60,0.0,0.25,50,30,0.000663555329455221,0.6371150612831116,0.4259902593831526,382262.9375
25,0.05,0.25,50,35,0.0022782066311295922,0.6369667053222656,0.45630721344414293,315298.6875
15,0.0,0.4,20,26,4.4237021963681406e-05,0.636771023273468,0.39953408368114485,202105.46875
10,0.05,0.3,50,35,0.0033177766472761053,0.6358325481414795,0.40895663615693595,160440.484375
10,0.05,0.1,50,154,0.1593417531131804,0.635697066783905,0.46772352655916516,686129.8125
25,0.1,0.5,30,16,0.0006193183074915397,0.6351587176322937,0.46734491849666016,145690.484375
25,0.1,0.5,50,16,0.0006193183074915397,0.6351587176322937,0.46734491849666016,145690.484375
10,0.0,0.4,30,29,0.0005529627745460175,0.6351394653320312,0.3888552883646329,172596.375
10,0.0,0.4,50,29,0.0005529627745460175,0.6351394653320312,0.3888552883646329,172596.375
60,0.05,0.2,30,37,0.0014598217248014864,0.6349639892578125,0.41844765673633444,414931.59375
10,0.05,0.3,20,33,0.00044237021963681403,0.6349390745162964,0.3970502538118932,135772.484375
40,0.1,0.25,30,29,0.0006856738404370618,0.634884774684906,0.4072396085709642,173878.375
40,0.1,0.5,15,16,0.0,0.6343297958374023,0.4548775757873965,162587.734375
40,0.1,0.5,20,16,0.0,0.6343297958374023,0.4548775757873965,162587.734375
40,0.1,0.5,30,16,0.0,0.6343297958374023,0.4548775757873965,162587.734375
40,0.1,0.5,50,16,0.0,0.6343297958374023,0.4548775757873965,162587.734375
40,0.1,0.4,5,16,0.0,0.6343297958374023,0.4548937543907545,162591.453125
40,0.1,0.4,10,16,0.0,0.6343297958374023,0.4548937543907545,162591.453125
40,0.1,0.4,15,16,2.2118510981840703e-05,0.6342519521713257,0.45486115718354514,162589.859375
40,0.1,0.4,20,16,2.2118510981840703e-05,0.6342519521713257,0.45486115718354514,162589.859375
10,0.0,0.15,10,48,0.001924310455420141,0.6342464089393616,0.3964575010167651,188075.734375
60,0.05,0.4,5,17,0.0,0.6339964866638184,0.42843739206780346,210015.0625
60,0.05,0.4,10,17,0.0,0.6339964866638184,0.42843739206780346,210015.0625
60,0.05,0.4,15,17,0.0,0.6339964866638184,0.42843739206780346,210015.0625
60,0.05,0.4,20,17,0.0,0.6339964866638184,0.42843739206780346,210015.0625
60,0.05,0.4,30,17,0.0,0.6339964866638184,0.42843739206780346,210015.0625
60,0.05,0.5,5,17,0.0,0.6339964866638184,0.42843739206780346,210015.0625
60,0.05,0.5,10,17,0.0,0.6339964866638184,0.42843739206780346,210015.0625
60,0.05,0.5,15,17,0.0,0.6339964866638184,0.42843739206780346,210015.0625
60,0.05,0.5,20,17,0.0,0.6339964866638184,0.42843739206780346,210015.0625
60,0.05,0.5,30,17,0.0,0.6339964866638184,0.42843739206780346,210015.0625
60,0.05,0.5,50,17,0.0,0.6339964866638184,0.42843739206780346,210015.0625
15,0.05,0.25,10,30,0.0005308442635641768,0.6336292624473572,0.39188246138520066,175306.875
60,0.05,0.15,30,48,0.005463272212514653,0.6334302425384521,0.4204151598141003,502825.96875
15,0.0,0.5,5,24,0.0,0.6331730484962463,0.41792137106073063,210393.75
15,0.0,0.5,10,24,0.0,0.6331730484962463,0.41792137106073063,210393.75
15,0.0,0.5,15,24,0.0,0.6331730484962463,0.41792137106073063,210393.75
60,0.1,0.2,10,26,0.0007741478843644246,0.6321082711219788,0.45620316560904917,185190.421875
60,0.0,0.3,50,24,8.847404392736281e-05,0.6320979595184326,0.45690797087571283,372813.46875
60,0.05,0.3,5,18,6.63555329455221e-05,0.6319795846939087,0.417508821151759,197920.90625
60,0.1,0.25,20,23,0.00042025170865497336,0.6318433880805969,0.4441952286304422,207343.65625
15,0.0,0.25,15,33,0.00022118510981840702,0.6314247846603394,0.39240587224825907,251686.203125
60,0.05,0.3,15,18,0.00017694808785472562,0.6314074993133545,0.41750465219164967,197900.421875
15,0.0,0.2,30,43,0.002455154718984318,0.631390392780304,0.4197085474484388,296401.53125
15,0.05,0.3,30,29,0.0009953329941828316,0.6313048601150513,0.3954885776405908,181408.484375
40,0.05,0.2,50,40,0.003715909844949238,0.6312875151634216,0.4473645383700385,417199.5625
25,0.05,0.25,5,30,0.0001327110658910442,0.6311495900154114,0.4295101207273248,242926.3125
15,0.0,0.25,10,32,0.00015482957687288493,0.6310453414916992,0.398950122046139,254774.546875
60,0.05,0.2,20,37,0.0007299108624007432,0.6300247311592102,0.41886168016388525,414339.0625
60,0.1,0.5,5,15,0.0,0.6298770904541016,0.437585145764683,159251.90625
25,0.05,0.25,10,29,0.0003760146866912919,0.6297697424888611,0.4091940770890534,251647.3125
10,0.0,0.4,5,28,0.0,0.6297082901000977,0.4002464551564631,158608.71875
10,0.0,0.2,30,45,0.002698458339784566,0.6296269297599792,0.39200479309826736,190037.0625
40,0.05,0.2,30,36,0.0017473623675654155,0.6290892362594604,0.42040344994742174,391444.96875
10,0.05,0.25,50,40,0.005197850080732565,0.628943681716919,0.4218036329471042,204945.53125
25,0.05,0.5,5,18,2.2118510981840703e-05,0.6285604238510132,0.4869019020367993,192226.8125
25,0.05,0.5,10,18,2.2118510981840703e-05,0.6285604238510132,0.4869019020367993,192226.8125
25,0.05,0.5,15,18,2.2118510981840703e-05,0.6285604238510132,0.4869019020367993,192226.8125
25,0.05,0.5,20,18,2.2118510981840703e-05,0.6285604238510132,0.4869019020367993,192226.8125
15,0.05,0.5,5,18,0.0,0.6284510493278503,0.4581264315796021,160068.96875
15,0.05,0.5,10,18,0.0,0.6284510493278503,0.4581264315796021,160068.96875
15,0.05,0.5,15,18,0.0,0.6284510493278503,0.4581264315796021,160068.96875
15,0.05,0.5,20,18,0.0,0.6284510493278503,0.4581264315796021,160068.96875
10,0.05,0.3,15,32,0.0003317776647276105,0.6283152103424072,0.40415325719219036,137647.8125
15,0.0,0.2,50,46,0.005175731569750724,0.6282752752304077,0.4611343644846655,339133.125
60,0.05,0.3,10,18,0.0001327110658910442,0.628212571144104,0.4175264969957757,197903.34375
60,0.05,0.15,15,41,0.0019685474773838223,0.6281812787055969,0.4072878390043268,467050.5625
25,0.05,0.25,15,30,0.0004866072416004955,0.6279895305633545,0.4069163173129546,249503.015625
60,0.05,0.15,10,39,0.0015040587467651677,0.6279885768890381,0.39586777821409785,427164.59375
60,0.0,0.1,10,54,0.004202517086549734,0.6279714703559875,0.42635278142742516,626884.3125
25,0.05,0.3,50,29,0.001039570016146513,0.6278992891311646,0.4027452994240266,245011.140625
15,0.05,0.3,20,29,0.0002654221317820884,0.6278174519538879,0.41121987444903707,180922.578125
15,0.0,0.25,20,35,0.00022118510981840702,0.6277268528938293,0.40918822990998704,250181.5625
40,0.05,0.15,20,40,0.003362013669239787,0.6276068091392517,0.4221714977984788,389725.28125
60,0.1,0.2,5,24,0.0005308442635641768,0.6274409890174866,0.41871275023254206,197298.625
10,0.05,0.4,50,27,0.0008626219282917873,0.6271567344665527,0.4465093307316584,158588.921875
15,0.05,0.4,30,24,0.0006414368184733803,0.6270805597305298,0.4277957260024947,190714.6875
15,0.0,0.25,30,34,0.0008626219282917873,0.6267287135124207,0.41376463478513525,257529.140625
10,0.0,0.4,15,30,0.0,0.6267266273498535,0.3853803902584606,166769.921875
10,0.0,0.4,20,30,0.0,0.6267266273498535,0.3853803902584606,166769.921875
40,0.1,0.3,5,19,6.63555329455221e-05,0.6266984343528748,0.46961753715127996,147302.0625
40,0.0,0.1,50,90,0.03295658136294265,0.6264808773994446,0.4187401867396642,1008826.1875
10,0.05,0.5,10,22,0.0,0.6264347434043884,0.4800529290887093,122411.6796875
60,0.0,0.1,20,61,0.007807834376589768,0.6261919140815735,0.42565590370139683,676691.9375
40,0.05,0.15,15,40,0.002632102806839044,0.6261688470840454,0.4223788445095808,389772.25
10,0.05,0.4,5,23,0.0,0.6259211897850037,0.47633756430042085,119696.375
40,0.05,0.2,20,36,0.0012386366149830794,0.6255594491958618,0.4205059743995386,390695.65625
15,0.05,0.3,50,31,0.0010838070381101945,0.6251435279846191,0.4048825816731533,203058.78125
15,0.0,0.25,5,32,0.00011059255490920351,0.6249045729637146,0.39901057611897917,254791.8125
15,0.05,0.4,50,24,0.0007962663953462653,0.6248542666435242,0.4276711311622246,190715.65625
40,0.0,0.1,20,76,0.008493508217026829,0.624594509601593,0.40562378059174725,539197.625
25,0.1,0.5,15,16,2.2118510981840703e-05,0.6245488524436951,0.42146059324507934,124618.375
25,0.1,0.5,20,16,2.2118510981840703e-05,0.6245488524436951,0.42146059324507934,124618.375
60,0.0,0.1,30,71,0.012828736369467608,0.6245359182357788,0.47305087224024733,817478.75
60,0.05,0.25,50,33,0.0008626219282917873,0.6241147518157959,0.47838378977030843,331828.90625
15,0.1,0.4,30,22,0.0007741478843644246,0.6239544153213501,0.4871575565806603,159803.296875
40,0.0,0.1,5,52,0.002543628762911681,0.6239527463912964,0.41589424852427526,475435.25
25,0.1,0.4,50,18,0.0007077923514189025,0.6239404082298279,0.45643363680693416,130126.96875
40,0.1,0.4,30,17,2.2118510981840703e-05,0.6238733530044556,0.4607794817171772,154268.46875
40,0.0,0.1,10,59,0.004445820707349981,0.6237015128135681,0.4368967824722132,527664.3125
60,0.05,0.25,10,22,0.00028754064276392913,0.6233999729156494,0.42121752982538835,251402.8125
60,0.1,0.3,50,23,0.0006414368184733803,0.6233681440353394,0.5581837539051232,203932.109375
15,0.05,0.25,30,33,0.0012386366149830794,0.6233665943145752,0.4144340942704354,252645.484375
25,0.05,0.4,50,23,0.0008405034173099467,0.6232930421829224,0.43779564750780015,221555.953125
15,0.05,0.2,50,48,0.00853774523899051,0.62313312292099,0.4700768168992154,297463.90625
10,0.05,0.25,10,35,0.0006414368184733803,0.6229314208030701,0.39335127937850517,133718.3125
10,0.05,0.25,15,36,0.0007077923514189025,0.6227824091911316,0.3868040370702003,132373.375
40,0.0,0.1,15,69,0.006989449470261662,0.6225394606590271,0.4202580926009569,562547.4375
25,0.1,0.4,30,18,0.0006856738404370618,0.6220772862434387,0.45645158375918105,130128.0703125
10,0.1,0.4,30,23,0.0009068589502554688,0.6218295693397522,0.4611282479684333,135680.265625
10,0.0,0.15,15,54,0.0021897325872022293,0.621497392654419,0.40255839428104745,176401.015625
40,0.1,0.4,50,18,4.4237021963681406e-05,0.6213926076889038,0.4503822246695339,145406.375
10,0.0,0.15,20,59,0.003715909844949238,0.6213006377220154,0.4087963986984808,278981.09375
60,0.05,0.25,5,21,0.0002654221317820884,0.6212713718414307,0.4265612006941374,259292.125
10,0.0,0.25,30,37,0.0015925327906925306,0.6210888028144836,0.41318680930407364,188526.46875
60,0.0,0.1,50,82,0.02963880471566654,0.6210015416145325,0.4202949302499538,1017291.75
60,0.1,0.25,5,21,0.0002654221317820884,0.6204441785812378,0.44029950943502216,213291.65625
40,0.05,0.15,10,38,0.0017252438565835747,0.6198632121086121,0.42819430155576016,379148.90625
15,0.1,0.4,20,22,0.00011059255490920351,0.6194543838500977,0.4809913029361283,156976.53125
25,0.05,0.4,20,23,0.00022118510981840702,0.6189247965812683,0.4116136228282841,211815.28125
10,0.0,0.4,10,29,0.0,0.6186662316322327,0.39597884885242185,162457.421875
40,0.1,0.3,50,23,0.0003317776647276105,0.6185904145240784,0.4504960147057094,176457.625
40,0.1,0.5,5,15,0.0,0.6183081269264221,0.47602821749756125,152708.3125
40,0.1,0.5,10,15,0.0,0.6183081269264221,0.47602821749756125,152708.3125
25,0.05,0.4,10,23,0.00017694808785472562,0.6181992888450623,0.41165029933849623,211785.953125
25,0.05,0.4,15,23,0.00017694808785472562,0.6181992888450623,0.41165029933849623,211785.953125
15,0.1,0.4,50,23,0.0007962663953462653,0.6177128553390503,0.4986888163729923,155846.453125
25,0.0,0.15,30,53,0.005308442635641768,0.6175485253334045,0.4491211205454307,487052.1875
40,0.05,0.15,5,34,0.0011722810820375571,0.6175348162651062,0.3906806515699909,313936.34375
25,0.0,0.1,50,100,0.03806595739974785,0.6174487471580505,0.43664701220148167,813006.5625
10,0.1,0.3,10,26,0.0005750812855278583,0.6169024705886841,0.4714925403426347,127768.046875
10,0.0,0.15,30,62,0.008205967574262901,0.6168783903121948,0.40554572055506266,319034.75
40,0.05,0.2,15,33,0.0007299108624007432,0.6167094707489014,0.3930064649361,319680.15625
60,0.1,0.25,10,22,0.00028754064276392913,0.6166612505912781,0.43596612482602115,208432.265625
15,0.05,0.3,10,27,0.00024330362080024774,0.6165288090705872,0.4136195764840537,181345.265625
15,0.05,0.3,15,27,0.00024330362080024774,0.6165288090705872,0.4136195764840537,181345.265625
25,0.05,0.4,30,22,0.000818384906328106,0.6165278553962708,0.4179991882672984,221695.5
60,0.1,0.25,15,22,0.00030965915374576986,0.6164323687553406,0.4359630290429308,208436.4375
40,0.05,0.15,30,52,0.004821835394041273,0.6162838935852051,0.44419745771732855,435698.5625
40,0.1,0.25,10,24,0.00030965915374576986,0.6162066459655762,0.42018649536275854,117316.359375
15,0.05,0.4,10,25,4.4237021963681406e-05,0.6159606575965881,0.4278457982180692,182929.203125
15,0.05,0.4,15,25,4.4237021963681406e-05,0.6159606575965881,0.4278457982180692,182929.203125
15,0.05,0.4,20,25,4.4237021963681406e-05,0.6159606575965881,0.4278457982180692,182929.203125
40,0.1,0.3,20,22,0.00017694808785472562,0.6158113479614258,0.43698113452756415,128223.0
40,0.1,0.25,5,23,0.00024330362080024774,0.615257203578949,0.4150822011343399,121503.4296875
40,0.1,0.3,10,21,0.00011059255490920351,0.6152490973472595,0.43226556180435227,133386.25
40,0.1,0.3,15,21,0.00011059255490920351,0.6152490973472595,0.43226556180435227,133386.25
25,0.05,0.3,20,26,0.00035389617570945125,0.6152427792549133,0.4012765553095379,197328.875
10,0.0,0.3,30,35,0.0007962663953462653,0.6148984432220459,0.4244077793644259,153329.390625
40,0.1,0.25,15,25,0.0003760146866912919,0.6148767471313477,0.43328993785733194,162214.28125
40,0.1,0.25,50,35,0.0013934661918559642,0.6148679852485657,0.46753359707539466,281103.6875
40,0.1,0.3,30,23,0.00024330362080024774,0.6148233413696289,0.45045868809144074,176449.796875
15,0.05,0.25,20,32,0.000597199796509699,0.6146018505096436,0.3885065117947515,212920.671875
25,0.05,0.3,5,26,6.63555329455221e-05,0.6145641803741455,0.447531253944093,195670.578125
15,0.0,0.1,50,113,0.05193426378536197,0.6145625114440918,0.45427131344332633,761779.6875
40,0.1,0.2,5,26,0.00039813319767313264,0.6145176887512207,0.4479362050603928,166475.359375
10,0.1,0.4,10,24,0.00028754064276392913,0.6143295168876648,0.454964773041854,129884.203125
10,0.1,0.4,15,24,0.00028754064276392913,0.6143295168876648,0.454964773041854,129884.203125
10,0.1,0.4,20,24,0.00028754064276392913,0.6143295168876648,0.454964773041854,129884.203125
25,0.05,0.3,15,26,0.00030965915374576986,0.6140748262405396,0.4013035011579204,197310.3125
10,0.05,0.2,50,51,0.010130278029683042,0.6138407588005066,0.46103222791557247,254723.53125
25,0.05,0.3,10,25,0.00030965915374576986,0.613764762878418,0.42466756697979013,203819.671875
25,0.1,0.4,10,18,6.63555329455221e-05,0.6137369871139526,0.4593649046105036,130067.8203125
10,0.1,0.25,50,39,0.005949879454115149,0.613695502281189,0.42930001873421997,161585.46875
10,0.0,0.15,50,75,0.014465506182123819,0.613584578037262,0.4301981865339826,402234.375
15,0.05,0.5,30,18,0.000597199796509699,0.613525927066803,0.46860128234635545,164951.6875
15,0.05,0.5,50,18,0.000597199796509699,0.613525927066803,0.46860128234635545,164951.6875
15,0.05,0.25,15,32,0.0005750812855278583,0.6131510734558105,0.3885903850629069,212930.875
15,0.05,0.3,5,25,8.847404392736281e-05,0.6131064295768738,0.4277979468669826,182920.453125
25,0.1,0.25,5,25,0.00039813319767313264,0.6126375198364258,0.4465724703739367,115191.7890625
15,0.1,0.5,50,18,0.0007077923514189025,0.6125451922416687,0.5444182251897536,139901.125
10,0.05,0.15,5,45,0.0016810068346198935,0.6121499538421631,0.45146031857445884,124721.8515625
40,0.1,0.25,20,26,0.0004866072416004955,0.6121218800544739,0.4304699295634936,159943.3125
25,0.05,0.2,20,39,0.0009953329941828316,0.612091600894928,0.44746530226571307,302848.0
15,0.1,0.5,30,17,0.0006193183074915397,0.6118354201316833,0.5454390215714529,137201.484375
60,0.05,0.15,50,54,0.008604100771936032,0.6118031740188599,0.45012160361094145,563989.8125
25,0.05,0.2,15,39,0.000973214483200991,0.6117928624153137,0.44748108045217394,302857.9375
15,0.05,0.15,30,63,0.010307226117537767,0.6116539835929871,0.4677923407930209,274411.875
25,0.05,0.3,30,26,0.000973214483200991,0.6113841533660889,0.40408012410774474,200822.203125
10,0.0,0.25,20,39,0.0005529627745460175,0.6111143827438354,0.40786660218693926,179078.203125
60,0.05,0.1,5,49,0.003339895158257946,0.6110408902168274,0.42252045228912544,470259.96875
10,0.0,0.25,15,36,0.00028754064276392913,0.6105388402938843,0.4149036573543272,146337.625
10,0.0,0.3,50,36,0.001636769812656212,0.6101650595664978,0.43124895273259783,150779.34375
10,0.0,0.3,15,34,0.00022118510981840702,0.6099059581756592,0.4149837496600454,155130.890625
25,0.05,0.15,50,68,0.01574837981907058,0.6098583936691284,0.44919650632050157,419651.96875
25,0.05,0.25,30,33,0.001105925549092035,0.6097156405448914,0.449232866744326,261052.421875
60,0.05,0.1,20,67,0.011744929331357413,0.6096041798591614,0.4525326020389459,518169.46875
10,0.1,0.25,30,37,0.003295658136294265,0.6095512509346008,0.4517896489409023,166996.046875
10,0.0,0.15,5,45,0.0007077923514189025,0.609489917755127,0.3932148361685218,178640.09375
40,0.1,0.2,30,37,0.002145495565238548,0.6094343066215515,0.4593319122257854,275968.3125
15,0.05,0.25,5,29,0.0002654221317820884,0.609397828578949,0.41599560895819687,162495.46875
25,0.05,0.25,20,33,0.0004866072416004955,0.6085179448127747,0.44285839640796204,259004.3125
25,0.1,0.4,15,19,6.63555329455221e-05,0.6083550453186035,0.4494588943637219,123017.53125
25,0.1,0.4,20,19,6.63555329455221e-05,0.6083550453186035,0.4494588943637219,123017.53125
10,0.1,0.3,20,29,0.0005750812855278583,0.6083099842071533,0.4413629111306007,129939.2890625
10,0.0,0.25,10,36,0.0001327110658910442,0.6075156331062317,0.4151376678738445,146365.90625
15,0.0,0.2,5,37,0.0003760146866912919,0.6074969172477722,0.41386821185398837,230613.421875
60,0.2,0.5,30,14,4.4237021963681406e-05,0.6072788834571838,0.43574158689976217,142215.140625
60,0.2,0.5,50,14,4.4237021963681406e-05,0.6072788834571838,0.43574158689976217,142215.140625
10,0.0,0.3,20,34,0.00024330362080024774,0.6068787574768066,0.4149485344221224,155127.578125
10,0.05,0.4,30,24,0.0006856738404370618,0.6068531274795532,0.4841855709464651,121371.4140625
10,0.1,0.3,50,34,0.004158280064586052,0.6068328022956848,0.4482586181757404,178837.984375
10,0.1,0.5,10,18,0.00015482957687288493,0.6067910194396973,0.5123683627273966,100957.6953125
10,0.1,0.5,15,18,0.00015482957687288493,0.6067910194396973,0.5123683627273966,100957.6953125
25,0.0,0.1,5,60,0.0027869323837119283,0.606619656085968,0.4363485174815104,344953.46875
15,0.05,0.25,50,39,0.00411404304262237,0.6065520644187927,0.4442474603478765,235253.46875
25,0.1,0.3,5,21,0.00017694808785472562,0.6065265536308289,0.427452223288215,118363.21875
10,0.0,0.25,5,36,0.00011059255490920351,0.6061005592346191,0.4151232187462084,146367.0625
10,0.1,0.2,50,55,0.01291721041339497,0.6060610413551331,0.4710600961527954,207950.984375
40,0.2,0.1,50,156,0.3120700714427905,0.6055718064308167,0.49880930272279006,613718.1875
10,0.1,0.4,50,26,0.0015261772577470085,0.6054279208183289,0.45123960878764724,130201.4453125
10,0.05,0.3,10,29,0.0003317776647276105,0.6053206324577332,0.431368979658889,102670.34375
40,0.1,0.15,20,50,0.004976664970914158,0.6046951413154602,0.4651086262333225,347509.96875
15,0.0,0.15,10,43,0.0013049921479286015,0.6044875979423523,0.4072525236672489,213907.671875
40,0.05,0.1,5,51,0.003892857932803964,0.6044239401817322,0.46576139339609995,419042.28125
15,0.0,0.15,5,43,0.0008847404392736281,0.604361891746521,0.4075802360625122,213975.90625
15,0.0,0.15,50,70,0.013293225100086263,0.6043543815612793,0.43666348807595196,440206.875
25,0.1,0.3,10,21,0.00028754064276392913,0.6038002967834473,0.427314218507442,118351.5390625
10,0.0,0.3,5,33,6.63555329455221e-05,0.6037934422492981,0.42084570841275737,158482.203125
10,0.0,0.3,10,33,6.63555329455221e-05,0.6037934422492981,0.42084570841275737,158482.203125
15,0.0,0.2,10,40,0.00042025170865497336,0.6036885976791382,0.43225515143839377,229815.34375
10,0.05,0.4,15,25,4.4237021963681406e-05,0.6035731434822083,0.4736023520632486,116421.1328125
10,0.05,0.4,20,25,4.4237021963681406e-05,0.6035731434822083,0.4736023520632486,116421.1328125
15,0.05,0.2,20,41,0.002012784499347504,0.6028872132301331,0.4438512041929298,237347.5625
15,0.0,0.2,20,41,0.0007962663953462653,0.6025363802909851,0.4296721319776287,224357.234375
25,0.2,0.5,50,15,0.0006193183074915397,0.6023514866828918,0.48160326562908107,110535.4375
25,0.1,0.5,5,15,0.0,0.6022462844848633,0.45623282961948824,122820.4765625
25,0.1,0.5,10,15,0.0,0.6022462844848633,0.45623282961948824,122820.4765625
10,0.05,0.3,5,26,6.63555329455221e-05,0.602224588394165,0.49323936261406015,112622.375
10,0.1,0.25,5,32,0.00044237021963681403,0.6021055579185486,0.46514389908074427,104132.71875
40,0.05,0.1,20,76,0.014288558094269094,0.6019734144210815,0.44180592119957557,411924.375
10,0.05,0.2,10,37,0.0012386366149830794,0.6015284061431885,0.4238421407626989,132223.265625
15,0.1,0.5,10,18,4.4237021963681406e-05,0.6014816761016846,0.5309328299041561,129234.1640625
15,0.1,0.5,15,18,4.4237021963681406e-05,0.6014816761016846,0.5309479923769281,129236.4296875
15,0.1,0.5,20,18,4.4237021963681406e-05,0.6014816761016846,0.5309479923769281,129236.4296875
25,0.0,0.1,20,85,0.011103492512884033,0.601174533367157,0.4153395915886925,440883.15625
25,0.1,0.3,20,22,0.00035389617570945125,0.601142942905426,0.43675183428519393,114267.8828125
25,0.1,0.3,15,22,0.0003317776647276105,0.6009860634803772,0.43675075405534086,114269.40625
40,0.0,0.1,30,83,0.016124394505761874,0.6009430885314941,0.4345768031014173,700505.375
10,0.05,0.25,5,31,0.00028754064276392913,0.6009382605552673,0.445774432926404,98682.984375
10,0.05,0.25,20,37,0.0009953329941828316,0.6007984280586243,0.42340080371184563,132204.34375
15,0.05,0.1,5,63,0.004490057729313663,0.6003779768943787,0.46782724405930654,225630.84375
15,0.0,0.2,15,41,0.0005087257525823362,0.600325882434845,0.4297138049660259,224471.46875
10,0.05,0.5,15,23,0.0,0.6000441908836365,0.47713882616602954,120011.484375
10,0.05,0.5,20,23,0.0,0.6000441908836365,0.47713882616602954,120011.484375
25,0.0,0.1,15,77,0.00816173055229922,0.5999271869659424,0.4262418342457441,424140.28125
10,0.1,0.3,15,28,0.0005750812855278583,0.5999009013175964,0.4569070222790046,132412.6875
15,0.1,0.25,50,38,0.004025568998695008,0.5997257828712463,0.4292633661740574,190174.0625
10,0.05,0.4,10,24,0.0,0.5995306968688965,0.47369968919903166,117667.5234375
60,0.0,0.1,15,60,0.005839286899205946,0.5992588996887207,0.4547790769793711,662832.3125
25,0.2,0.5,30,15,0.0005750812855278583,0.5991591811180115,0.48170150192688627,110539.9375
10,0.05,0.5,30,22,0.000597199796509699,0.5985304117202759,0.48885036151708083,125620.3515625
10,0.05,0.5,50,22,0.000597199796509699,0.5985304117202759,0.48885036151708083,125620.3515625
60,0.1,0.15,30,49,0.007542412244807679,0.5983187556266785,0.46112116294459465,353216.4375
25,0.05,0.15,10,46,0.002079140032293026,0.5980592966079712,0.45275129016241683,302079.71875
25,0.05,0.5,50,19,0.000663555329455221,0.597972571849823,0.5065413781711613,190409.328125
60,0.05,0.1,15,61,0.00847138970604499,0.597571611404419,0.4563443663885412,513605.3125
25,0.1,0.15,30,59,0.010439937183428812,0.5973089933395386,0.48524058799221575,271749.03125
40,0.05,0.1,50,105,0.059388201986242284,0.5968471765518188,0.4777935040499729,802757.8125
25,0.05,0.2,30,41,0.002609984295857203,0.596588671207428,0.45657377230707785,293715.0625
10,0.05,0.2,15,38,0.0016810068346198935,0.5959380865097046,0.4306976495787522,130353.5234375
25,0.1,0.1,50,136,0.13680299042268473,0.595880925655365,0.5081425065173034,746142.4375
25,0.1,0.15,15,48,0.003937094954767645,0.5957907438278198,0.4771766356812188,273768.78125
15,0.0,0.15,15,48,0.0021233770542567073,0.5957133173942566,0.45885272474807226,225626.375
15,0.1,0.4,10,21,6.63555329455221e-05,0.5956884622573853,0.5104888857892467,121942.8125
25,0.1,0.4,5,16,4.4237021963681406e-05,0.5956586003303528,0.4937767170704068,132432.46875
25,0.1,0.3,50,29,0.0011722810820375571,0.5956128835678101,0.44106697094263264,175284.90625
60,0.1,0.2,50,40,0.0057508128552785824,0.594902515411377,0.4308797917288418,333513.71875
15,0.1,0.1,50,165,0.18800734334564598,0.5945224165916443,0.5102960626812784,601688.0
40,0.4,0.1,30,191,0.542345889274734,0.5945196151733398,0.5105466658739093,296811.96875
60,0.1,0.25,30,27,0.0009510959722191502,0.5945011973381042,0.4370345826635593,206672.3125
25,0.1,0.2,10,35,0.001327110658910442,0.5940445065498352,0.452394832268203,207351.78125
40,0.05,0.15,50,61,0.01039570016146513,0.5939514636993408,0.4517982011766231,538849.4375
40,0.05,0.1,10,61,0.006856738404370618,0.5936629772186279,0.5262366805256544,400020.4375
40,0.05,0.1,30,87,0.02738271659551879,0.5931758880615234,0.47359070269699893,583784.75
25,0.05,0.2,50,45,0.006657671805534051,0.5931265950202942,0.47512505083413664,288898.40625
15,0.05,0.15,50,77,0.019619119240892702,0.5927772521972656,0.4605849499105853,388797.46875
10,0.1,0.5,30,18,0.0007077923514189025,0.5927310585975647,0.5310480402757799,103386.515625
10,0.1,0.5,50,18,0.0007077923514189025,0.5927310585975647,0.5310480402757799,103386.515625
10,0.05,0.2,20,39,0.002034903010329345,0.5926439166069031,0.42969192205647655,127114.5078125
25,0.05,0.4,5,23,2.2118510981840703e-05,0.5920041799545288,0.43198544924834786,206019.5
60,0.1,0.15,10,35,0.002233969609165911,0.5919439196586609,0.4695001510705614,264693.78125
60,0.05,0.1,10,57,0.005419035190550972,0.5918620824813843,0.43456075122299814,484115.75
60,0.05,0.1,30,77,0.022295459069695427,0.59183669090271,0.4999282923064974,643242.375
40,0.1,0.15,30,54,0.009024352480591007,0.5918241143226624,0.4846078340579718,359367.53125
10,0.1,0.5,20,19,0.00015482957687288493,0.5913557410240173,0.5195418546662468,97720.34375
40,0.2,0.5,50,13,4.4237021963681406e-05,0.5907251238822937,0.4452184200040973,119531.1953125
60,0.05,0.1,50,90,0.04806352436353985,0.590217113494873,0.46047042066386384,804202.0
25,0.05,0.15,30,62,0.008493508217026829,0.5901195406913757,0.47311366501865554,376292.375
60,0.05,0.15,5,37,0.001128044060073876,0.5899967551231384,0.4705633749774873,354262.15625
15,0.1,0.4,15,21,0.00011059255490920351,0.5898984670639038,0.5104604629431057,121942.0078125
25,0.05,0.1,50,117,0.06978390214770741,0.5897096395492554,0.4875292672500911,758600.6875
15,0.05,0.2,10,37,0.0010838070381101945,0.5893137454986572,0.4263658180326976,206057.21875
25,0.1,0.25,30,34,0.00157041427971069,0.5892238020896912,0.4511137003999503,218928.328125
10,0.1,0.25,20,36,0.0011722810820375571,0.5891678929328918,0.42850225431264033,139624.75
15,0.05,0.15,20,60,0.004622768795204707,0.5887925028800964,0.4807401456586375,251409.15625
10,0.0,0.1,50,139,0.08144035743513747,0.5886812806129456,0.4887644648398028,719450.125
40,0.1,0.2,50,46,0.0051536130587688835,0.5885562300682068,0.4747454688170634,278424.53125
60,0.1,0.15,20,44,0.0042467541085134146,0.5881448984146118,0.43427107880608234,291213.8125
25,0.0,0.1,30,89,0.019995133927583994,0.5878586769104004,0.43574013332116834,561591.125
60,0.1,0.1,50,98,0.08378491959921258,0.5871565937995911,0.4711119732811952,635933.5
25,0.05,0.15,5,43,0.0013713476808741235,0.5870001316070557,0.43696123969781675,232789.28125
25,0.1,0.25,15,27,0.0007520293733825838,0.5862070322036743,0.42301376080018244,109615.8359375
40,0.2,0.4,5,14,6.63555329455221e-05,0.5853638648986816,0.48192347283964093,127781.9765625
40,0.2,0.4,10,14,6.63555329455221e-05,0.5853638648986816,0.48192347283964093,127781.9765625
15,0.05,0.2,15,39,0.00157041427971069,0.5850578546524048,0.4354582619513509,198687.09375
15,0.05,0.15,15,54,0.003804383888876601,0.585044801235199,0.4841571871161936,212505.546875
60,0.1,0.2,30,35,0.00252151025192984,0.5848121643066406,0.46296118055416796,200858.296875
10,0.05,0.5,5,21,0.0,0.5842128992080688,0.541095785987235,110746.234375
60,0.2,0.1,50,143,0.2703545597310389,0.5841511487960815,0.5245495584049844,615133.875
25,0.2,0.4,50,17,0.0008626219282917873,0.5840051770210266,0.5127453010599028,110743.1875
25,0.1,0.2,30,41,0.003649554312003716,0.5835796594619751,0.47207942495212857,272522.03125
15,0.0,0.15,30,60,0.005308442635641768,0.5835270881652832,0.46541702294656895,368064.96875
10,0.05,0.2,30,46,0.004313109641458937,0.5834577083587646,0.5064504297480984,179813.640625
15,0.1,0.5,5,17,4.4237021963681406e-05,0.583193838596344,0.5435078027032854,120053.8046875
60,0.1,0.15,5,33,0.0013713476808741235,0.5825819373130798,0.4597052080694312,185685.34375
25,0.05,0.2,5,35,0.00046448873061865476,0.582561194896698,0.4600877552171461,232444.09375
15,0.1,0.2,50,50,0.009842737386919112,0.5824668407440186,0.4909654086525397,219109.875
15,0.05,0.1,50,137,0.09959965495122869,0.5824502110481262,0.5018281361912738,751707.6875
40,0.05,0.1,15,68,0.009886974408882794,0.5821496248245239,0.47167385892520586,413371.9375
10,0.05,0.25,30,37,0.002101258543274867,0.5819647908210754,0.4444009908853309,133902.375
60,0.2,0.4,15,16,6.63555329455221e-05,0.5817162394523621,0.5291920677384769,157193.953125
60,0.2,0.4,20,16,6.63555329455221e-05,0.5817162394523621,0.5291920677384769,157193.953125
25,0.05,0.2,10,37,0.000818384906328106,0.5810667276382446,0.4625174453433734,240513.3125
60,0.2,0.4,30,16,0.00019906659883656632,0.5810344815254211,0.5291456494482598,157240.0625
10,0.1,0.3,5,27,0.0001327110658910442,0.5808069109916687,0.4744309720787874,121215.6328125
25,0.2,0.4,30,17,0.0007299108624007432,0.5807758569717407,0.5128018172638168,110754.9296875
15,0.05,0.2,5,37,0.0007299108624007432,0.5806614756584167,0.40873900352274556,198381.375
25,0.1,0.25,50,36,0.003251421114330583,0.5802688598632812,0.4907848553050701,259935.625
25,0.2,0.4,10,16,4.4237021963681406e-05,0.5801504254341125,0.4841825333544283,103263.1484375
10,0.1,0.2,15,41,0.001481940235783327,0.5799816250801086,0.46952828277423186,164121.953125
15,0.2,0.5,30,15,0.000663555329455221,0.5799245834350586,0.524184375382978,93312.6640625
60,0.2,0.4,10,14,4.4237021963681406e-05,0.5799098610877991,0.5109900474883604,143885.375
15,0.2,0.5,50,15,0.0007520293733825838,0.579403817653656,0.5240073192495373,93308.046875
15,0.0,0.1,15,82,0.009223419079427572,0.5790402293205261,0.4501663233820567,350815.25
60,0.1,0.1,15,65,0.012806617858485766,0.5781453847885132,0.4775769326571092,367149.53125
10,0.1,0.2,30,46,0.006148946052951716,0.5778712630271912,0.4628967589945877,176875.15625
60,0.1,0.2,15,32,0.001128044060073876,0.5778344869613647,0.4583576668844823,193283.5
60,0.1,0.2,20,32,0.0017252438565835747,0.5776263475418091,0.458235086353505,193453.703125
40,0.2,0.4,30,18,0.00011059255490920351,0.5774993896484375,0.4863460977681949,127103.1015625
25,0.05,0.15,20,62,0.003273539625312424,0.5772284269332886,0.46812390004450916,327474.625
25,0.05,0.15,15,55,0.0025657472738935213,0.5770490169525146,0.45771947249100603,283906.40625
60,0.2,0.3,5,17,0.0001327110658910442,0.5770207643508911,0.5165993146993382,147610.703125
60,0.2,0.3,10,17,0.00015482957687288493,0.5767694711685181,0.5165800334196008,147610.0625
10,0.0,0.1,20,96,0.01727455707681759,0.576744556427002,0.4345824798181787,376290.90625
40,0.1,0.15,15,42,0.003848620910840282,0.5767253041267395,0.4689131319452021,289666.0625
15,0.1,0.15,30,65,0.012718143814558405,0.5766988396644592,0.4769688569025379,235342.0
40,0.1,0.1,50,115,0.1050408086527615,0.5766817331314087,0.5178015803265843,728335.5625
10,0.1,0.4,5,24,2.2118510981840703e-05,0.5765573382377625,0.47514871493733507,126205.015625
25,0.2,0.5,15,16,0.0,0.576552152633667,0.48420367281502585,103250.1953125
25,0.2,0.5,20,16,0.0,0.576552152633667,0.48420367281502585,103250.1953125
40,0.2,0.4,15,15,8.847404392736281e-05,0.5762580037117004,0.46567231760549876,123266.5703125
10,0.0,0.1,30,104,0.03147464112715932,0.5761092901229858,0.4525709873012191,434617.84375
25,0.4,0.15,50,150,0.42551591426865143,0.575722873210907,0.5388091415710656,252702.28125
10,0.1,0.3,30,33,0.001703125345601734,0.5752416849136353,0.4434207430146516,152202.234375
60,0.2,0.25,30,24,0.001327110658910442,0.5751076936721802,0.4907749170507587,161084.296875
10,0.05,0.2,5,38,0.0006414368184733803,0.5748270750045776,0.43951521550684164,126230.1328125
25,0.1,0.25,20,30,0.0008405034173099467,0.5745642185211182,0.45954838661215036,144193.40625
25,0.2,0.4,15,16,8.847404392736281e-05,0.5744576454162598,0.48409043682523584,103258.9375
60,0.1,0.15,15,43,0.0030081174935303353,0.574309766292572,0.4320318127773331,296886.28125
60,0.2,0.4,50,17,0.00022118510981840702,0.5739522576332092,0.5194201798734084,147642.53125
40,0.2,0.4,50,19,0.00011059255490920351,0.5739253163337708,0.48027838204734996,122021.7265625
10,0.2,0.4,50,25,0.0009068589502554688,0.5738101601600647,0.49735109089786,109499.9765625
40,0.1,0.2,20,35,0.001128044060073876,0.5733754634857178,0.47802819155367343,231724.625
40,0.2,0.3,15,20,0.0002654221317820884,0.573175311088562,0.4928359416717024,117071.984375
60,0.2,0.3,30,20,0.000597199796509699,0.5724888443946838,0.49851228618109705,181489.1875
40,0.2,0.3,30,21,0.0004866072416004955,0.5720883011817932,0.496575904109791,112385.5625
40,0.2,0.4,20,17,8.847404392736281e-05,0.5717060565948486,0.4935671375491065,122470.1328125
40,0.1,0.15,50,63,0.018491075180818828,0.5715994834899902,0.49146631586240747,390704.5625
60,0.1,0.15,50,56,0.0151069430005972,0.5714036822319031,0.5534263646737335,377010.46875
60,0.2,0.2,20,31,0.002388799186038796,0.5713777542114258,0.514437129307395,175958.765625
25,0.1,0.2,20,38,0.0017252438565835747,0.5713335871696472,0.45945383760303543,215096.46875
15,0.05,0.1,15,88,0.014023135962487006,0.5711537003517151,0.4480617549202756,287815.8125
15,0.1,0.25,20,33,0.000663555329455221,0.5711188316345215,0.4406067997246847,167640.71875
40,0.2,0.25,30,25,0.002145495565238548,0.5703685283660889,0.48947484692235177,137626.34375
25,0.2,0.3,30,21,0.0010616885271283536,0.5703184008598328,0.503807328334753,98946.125
40,0.2,0.25,5,18,0.00039813319767313264,0.5701839923858643,0.5063583666662583,116563.1796875
25,0.05,0.1,20,87,0.01765057176350888,0.5695147514343262,0.45683126965029486,340996.125
10,0.05,0.15,15,55,0.004180398575567893,0.5693212151527405,0.432165207366838,148275.09375
40,0.2,0.3,5,18,0.00019906659883656632,0.568443775177002,0.5073198973315354,116588.9921875
60,0.2,0.5,20,13,4.4237021963681406e-05,0.5683612823486328,0.456945172271354,119985.8671875
15,0.05,0.15,5,45,0.0015261772577470085,0.5682670474052429,0.4405463814104478,172823.78125
10,0.2,0.5,50,18,0.0007299108624007432,0.5680895447731018,0.5252458077742111,84284.9765625
25,0.1,0.3,30,25,0.001105925549092035,0.5677852630615234,0.43561611829460106,105982.796875
40,0.2,0.3,20,20,0.0003760146866912919,0.5672690272331238,0.49236716574955075,117064.875
60,0.2,0.25,5,18,0.00022118510981840702,0.566941499710083,0.5249769289695104,140442.453125
25,0.2,0.4,20,17,0.00015482957687288493,0.566792368888855,0.5209041589381574,110673.1015625
25,0.1,0.2,50,47,0.008781048859790759,0.5665638446807861,0.5108908472404986,258422.6875
25,0.05,0.1,10,78,0.006502842228661166,0.56644207239151,0.4737293534569022,332255.5625
60,0.1,0.25,50,33,0.002676339828802725,0.5663056373596191,0.459031577277805,189230.328125
10,0.1,0.25,15,35,0.0008626219282917873,0.5663037300109863,0.44168832536016844,113638.6015625
40,0.2,0.25,10,21,0.00046448873061865476,0.5662158131599426,0.49655724704449106,112369.0390625
60,0.2,0.25,20,22,0.0009953329941828316,0.5661987066268921,0.5037679718243392,169879.03125
40,0.1,0.2,15,32,0.0007962663953462653,0.5652115941047668,0.4989862963337019,234953.921875
15,0.1,0.3,50,28,0.0019021919444383005,0.5651341080665588,0.5285180284938577,144550.25
25,0.2,0.4,5,15,4.4237021963681406e-05,0.5650199055671692,0.5092982728032497,99465.8515625
60,0.2,0.25,10,18,0.00042025170865497336,0.5648950338363647,0.5247344773724074,140426.09375
60,0.2,0.3,20,18,0.00044237021963681403,0.5647802352905273,0.5056939802340685,143040.859375
15,0.0,0.1,30,100,0.025038154431443676,0.5644441246986389,0.43027273762053786,491590.25
15,0.2,0.4,30,17,0.0008847404392736281,0.5640594363212585,0.5470809794130084,92142.984375
40,0.1,0.1,10,63,0.01006392249673752,0.5640396475791931,0.5121592148343362,314439.15625
15,0.0,0.15,20,56,0.0027205768507664063,0.5638415813446045,0.4789533817964563,284782.15625
10,0.1,0.5,5,17,0.0,0.5635655522346497,0.5298080420051664,80567.9140625
60,0.2,0.3,15,18,0.00019906659883656632,0.5635578632354736,0.5057849931997125,142973.984375
25,0.2,0.3,10,19,0.00030965915374576986,0.5633040070533752,0.503748097627081,99599.234375
10,0.05,0.15,50,83,0.02492756187653447,0.563072681427002,0.4835085009082625,317748.875
25,0.2,0.5,10,15,0.0,0.5627426505088806,0.5093447797500353,99455.7265625
40,0.2,0.25,20,22,0.0007741478843644246,0.562476396560669,0.49154729323940444,107171.9609375
25,0.1,0.2,15,38,0.0015482957687288491,0.5624130964279175,0.4594656162104362,215085.9375
40,0.2,0.5,5,12,4.4237021963681406e-05,0.562386691570282,0.4678519017138538,104408.84375
40,0.2,0.5,10,12,4.4237021963681406e-05,0.562386691570282,0.4678519017138538,104408.84375
40,0.2,0.5,15,12,4.4237021963681406e-05,0.562386691570282,0.4678519017138538,104408.84375
40,0.2,0.5,20,12,4.4237021963681406e-05,0.562386691570282,0.4678519017138538,104408.84375
40,0.2,0.5,30,12,4.4237021963681406e-05,0.562386691570282,0.4678519017138538,104408.84375
60,0.2,0.2,15,28,0.001924310455420141,0.5621860027313232,0.5113252716799846,165412.453125
60,0.2,0.3,50,21,0.0009289774612373095,0.5620774626731873,0.5096081827086049,175124.71875
40,0.2,0.25,15,22,0.000663555329455221,0.5619696974754333,0.49174075561319247,107170.8515625
10,0.1,0.25,10,33,0.0007741478843644246,0.5614065527915955,0.46190227168094505,117265.3359375
60,0.4,0.1,30,177,0.49030103293446287,0.5606578588485718,0.5457511983297741,277934.96875
10,0.1,0.2,10,36,0.0013934661918559642,0.5605027079582214,0.48094487994303514,140626.015625
10,0.2,0.4,30,22,0.0008626219282917873,0.5595423579216003,0.5230810056867549,95316.546875
25,0.2,0.3,5,18,0.00015482957687288493,0.5584635734558105,0.5115669072032627,104320.921875
25,0.1,0.15,10,42,0.003030236004512176,0.5582708716392517,0.4837528171999734,199760.734375
25,0.05,0.1,15,81,0.012032469974121341,0.5582382678985596,0.4609649179704317,337805.25
15,0.1,0.15,20,59,0.00661343478357037,0.5580841898918152,0.49957866399011697,206568.671875
40,0.1,0.1,30,93,0.040897126805423456,0.5579710602760315,0.48985228848815016,424640.125
60,0.2,0.5,5,12,2.2118510981840703e-05,0.5570569038391113,0.4823193612716929,121473.921875
60,0.2,0.5,10,12,2.2118510981840703e-05,0.5570569038391113,0.4823193612716929,121473.921875
60,0.2,0.5,15,12,2.2118510981840703e-05,0.5570569038391113,0.4823193612716929,121473.921875
10,0.05,0.15,10,49,0.002809050894693769,0.5570074915885925,0.45905708073410234,148885.421875
10,0.0,0.1,15,92,0.011877640397248456,0.5570033192634583,0.4319658256641491,344579.65625
40,0.1,0.1,20,82,0.024418836123952136,0.5567212700843811,0.4880946699354011,370095.40625
15,0.1,0.3,30,27,0.0010838070381101945,0.5565976500511169,0.5281997689566456,142175.890625
15,0.1,0.3,20,27,0.00044237021963681403,0.5561888813972473,0.5160624039806956,140491.921875
15,0.05,0.2,30,46,0.00406980602065869,0.5559984445571899,0.47314110243054136,219203.0625
10,0.05,0.15,30,68,0.012452721682776316,0.5559362173080444,0.4682207636576976,253915.21875
60,0.1,0.1,10,61,0.008338678640153944,0.5558888912200928,0.48860896923988156,333261.4375
15,0.2,0.5,15,16,0.0,0.5557771921157837,0.5423203791207208,87150.3359375
15,0.2,0.5,20,16,0.0,0.5557771921157837,0.5423203791207208,87150.3359375
15,0.2,0.4,50,18,0.0014377032138196456,0.5552746057510376,0.5873703698094999,88542.6484375
25,0.2,0.2,10,28,0.00126075512596492,0.5551086068153381,0.5415795097395412,78446.234375
25,0.2,0.25,20,25,0.0008847404392736281,0.5549964308738708,0.46541370030969564,83653.9140625
15,0.0,0.1,20,95,0.012828736369467608,0.5547502040863037,0.43616782840228335,407265.9375
15,0.1,0.3,10,26,0.00035389617570945125,0.5546911358833313,0.5199378823333783,145688.03125
40,0.2,0.3,50,23,0.0019685474773838223,0.554490327835083,0.5147063206838451,141834.40625
60,0.2,0.25,15,20,0.0008405034173099467,0.5544280409812927,0.5145609462566583,130760.546875
15,0.1,0.25,30,34,0.0014598217248014864,0.5542551875114441,0.4576518661758041,165356.125
10,0.2,0.3,30,29,0.001946428966401982,0.5538895130157471,0.5377252179307473,99302.5703125
10,0.0,0.2,5,39,0.00024330362080024774,0.5534942150115967,0.4620996776417995,140978.953125
10,0.2,0.2,5,34,0.00126075512596492,0.5534058213233948,0.48258391857451777,89113.046875
25,0.2,0.3,15,21,0.0003317776647276105,0.5528838634490967,0.473401144934765,96591.5859375
25,0.05,0.1,30,104,0.0308110857977041,0.5528318881988525,0.4792854328730463,507426.59375
25,0.1,0.1,30,107,0.05140341952179779,0.5527293682098389,0.4802556676495984,389052.75
15,0.2,0.3,30,24,0.001349229169892283,0.5525615811347961,0.5590013059629048,100357.1171875
40,0.1,0.1,15,76,0.015637787264161377,0.5520633459091187,0.48893255089935744,309476.0
25,0.1,0.15,50,76,0.022737829289332243,0.5516946315765381,0.523094703736341,346741.1875
40,0.2,0.15,30,63,0.017097608988962863,0.5515248775482178,0.5251366793856257,231258.015625
10,0.1,0.15,30,71,0.017517860697617835,0.5514500737190247,0.4934843195071995,201553.90625
25,0.2,0.3,50,28,0.0024109176970206364,0.551417350769043,0.5341058981439039,108192.5546875
15,0.05,0.15,10,51,0.002145495565238548,0.5510469675064087,0.5398485361928637,192076.640625
25,0.2,0.3,20,21,0.00035389617570945125,0.5508359670639038,0.47338697454374395,96587.234375
25,0.2,0.25,30,32,0.00252151025192984,0.5506240129470825,0.4652350648670692,125893.5
15,0.1,0.3,15,27,0.00042025170865497336,0.5504679679870605,0.5160463787748095,140493.84375
25,0.2,0.25,10,22,0.0006193183074915397,0.5502474904060364,0.48680021015984337,93166.6328125
40,0.1,0.15,10,37,0.0023445621640751143,0.5492165684700012,0.48704915142931443,241412.640625
10,0.1,0.15,5,44,0.0019021919444383005,0.5486338138580322,0.4690832164768846,145416.90625
25,0.2,0.25,15,23,0.0007520293733825838,0.548393964767456,0.48046577948799846,89054.9765625
15,0.1,0.4,5,20,6.63555329455221e-05,0.5482974052429199,0.5869348992211364,109997.734375
60,0.2,0.25,50,33,0.003030236004512176,0.5479922890663147,0.5116225442259845,190911.96875
15,0.2,0.25,15,27,0.0011722810820375571,0.5479642152786255,0.5444025351475218,115900.625
25,0.1,0.15,5,42,0.001791599389529097,0.5475877523422241,0.4642201296053926,192447.765625
60,0.1,0.1,20,71,0.019021919444383004,0.5473042726516724,0.5316687145851198,372752.0625
25,0.1,0.15,20,54,0.005396916679569132,0.5472605228424072,0.5020539134029216,260406.59375
40,0.2,0.15,5,26,0.001946428966401982,0.5470728874206543,0.491680360779259,94829.6328125
40,0.2,0.2,10,23,0.0009953329941828316,0.547014057636261,0.49732658594860324,102296.9921875
60,0.2,0.4,5,13,4.4237021963681406e-05,0.5470125079154968,0.537516896807489,121097.53125
15,0.2,0.4,15,18,0.00017694808785472562,0.5465553998947144,0.5619595839534877,86785.7421875
15,0.1,0.15,15,52,0.0045564132622591845,0.5463077425956726,0.4896528733386078,167745.859375
15,0.2,0.4,10,18,0.00015482957687288493,0.5461909770965576,0.5619650486956194,86789.1484375
25,0.1,0.2,5,32,0.0007741478843644246,0.5458496809005737,0.5023042897005405,135724.796875
25,0.2,0.2,5,25,0.0007962663953462653,0.5454946160316467,0.4811362750034989,82253.6484375
40,0.2,0.2,30,40,0.004578531773241025,0.5453690886497498,0.5383395726971328,186912.109375
40,0.1,0.15,5,31,0.001415584702837805,0.544687807559967,0.4707209724081617,243138.765625
10,0.05,0.1,30,119,0.05381433721881843,0.5446250438690186,0.5103165402061495,400510.21875
15,0.2,0.4,20,18,0.00022118510981840702,0.5445200204849243,0.5619472848334981,86783.6484375
15,0.1,0.25,15,30,0.0005750812855278583,0.5436157584190369,0.48190033188833425,141573.96875
15,0.05,0.1,10,76,0.00847138970604499,0.5433447360992432,0.48945443196808974,232144.890625
25,0.2,0.25,50,39,0.005839286899205946,0.543051540851593,0.5202169979343935,175186.796875
25,0.05,0.1,5,66,0.00411404304262237,0.542574942111969,0.5012203838327431,273188.375
10,0.2,0.4,10,18,0.00022118510981840702,0.542323648929596,0.5266858301131948,82982.9453125
15,0.2,0.4,5,18,4.4237021963681406e-05,0.5422494411468506,0.5620986540167316,86794.3359375
15,0.1,0.25,5,28,0.00024330362080024774,0.5421616435050964,0.4995077189311637,130391.265625
10,0.2,0.4,20,21,0.00028754064276392913,0.5417817831039429,0.5437681455983271,95918.796875
10,0.4,0.1,20,328,0.5450443476145186,0.5414475798606873,0.5501108698992893,156510.40625
60,0.2,0.2,5,20,0.0007741478843644246,0.5414460301399231,0.5308625310021393,128065.0390625
10,0.2,0.1,30,240,0.25272610647851185,0.5410206317901611,0.5552346356654669,303267.40625
15,0.2,0.3,10,19,0.000597199796509699,0.5406228303909302,0.5417802220138983,84020.6171875
60,0.1,0.1,30,81,0.036738846740837404,0.5403314232826233,0.5188281656203261,477521.53125
15,0.1,0.2,30,46,0.004644887306186548,0.540321946144104,0.4997462276195577,178518.078125
15,0.1,0.1,5,65,0.005706575833314902,0.540234386920929,0.5177526008400224,175805.296875
15,0.2,0.3,20,24,0.0006856738404370618,0.5397392511367798,0.5673689327257386,99158.3046875
40,0.2,0.2,15,27,0.0014598217248014864,0.5385156273841858,0.4981985465841467,92779.5859375
15,0.05,0.1,30,107,0.03903917188294884,0.5379418134689331,0.49452956303711676,408310.4375
15,0.1,0.2,10,35,0.0011722810820375571,0.5371267795562744,0.5058886948815997,165825.71875
40,0.2,0.2,50,50,0.012607551259649201,0.5363108515739441,0.5244107476767481,238253.71875
15,0.1,0.2,20,40,0.001946428966401982,0.535923182964325,0.5016827500939762,152801.53125
60,0.2,0.15,30,59,0.01546083917630665,0.5347482562065125,0.5500482383715374,266234.03125
15,0.1,0.2,15,40,0.0014377032138196456,0.5345633625984192,0.5019576315367698,152814.359375
40,0.2,0.25,50,33,0.003649554312003716,0.5343014597892761,0.5406144545942639,128709.6015625
10,0.1,0.2,20,44,0.0024993917409479992,0.5340966582298279,0.486305844011582,159739.859375
15,0.1,0.25,10,29,0.0005087257525823362,0.5335724949836731,0.4770341267435856,137864.96875
15,0.1,0.15,50,84,0.028554997677556346,0.5333095788955688,0.5247111692352405,298562.875
10,0.1,0.15,20,65,0.008250204596226583,0.5323004126548767,0.49627689626087096,164049.0
60,0.1,0.1,5,54,0.004512176240295504,0.5320952534675598,0.48887519899614346,297386.53125
10,0.2,0.3,10,26,0.0005750812855278583,0.5319576859474182,0.5107944974683433,81833.4609375
10,0.2,0.2,50,67,0.02455154718984318,0.531606137752533,0.5523584441147763,150718.84375
60,0.2,0.2,30,40,0.004136161553604211,0.5314865708351135,0.5501592038312382,212781.625
40,0.2,0.3,10,19,0.00022118510981840702,0.5307543873786926,0.5693745888749622,111128.4609375
15,0.1,0.3,5,23,0.00015482957687288493,0.5298193097114563,0.5690420358184639,111966.5078125
10,0.1,0.2,5,35,0.0009068589502554688,0.5295736789703369,0.4635626525126127,110382.4609375
15,0.05,0.1,20,96,0.021521311185331002,0.52906733751297,0.4697925271591268,317893.78125
10,0.2,0.4,15,20,0.00024330362080024774,0.5279500484466553,0.5124790052477077,75611.953125
15,0.0,0.1,10,78,0.005728694344296742,0.5273564457893372,0.45155433213319385,316240.125
15,0.2,0.25,10,24,0.0009510959722191502,0.5254674553871155,0.5688070466198148,83546.6953125
15,0.1,0.2,5,33,0.0005750812855278583,0.5251411199569702,0.5326781958614356,135008.78125
10,0.2,0.25,15,31,0.001194399593019398,0.5246303081512451,0.5335477485633646,98475.8828125
15,0.0,0.1,5,59,0.0035389617570945123,0.5243532657623291,0.5939637468801329,255789.875
10,0.05,0.15,20,62,0.006392249673751963,0.5243308544158936,0.4536613413521669,217010.4375
60,0.2,0.15,10,37,0.003715909844949238,0.5242918729782104,0.5432926232120423,214401.765625
10,0.1,0.15,50,92,0.038198668465638894,0.5240959525108337,0.5353260170665967,255346.140625
15,0.2,0.5,10,15,0.0,0.5237051248550415,0.5524747127868376,74319.984375
15,0.1,0.15,10,45,0.002897524938621132,0.5234732627868652,0.48593273588010705,139153.703125
40,0.2,0.15,50,80,0.04735573201212094,0.5233660340309143,0.5482814296499525,260472.765625
25,0.2,0.2,30,43,0.0070779235141890245,0.5232489705085754,0.5168106491797564,139544.453125
10,0.05,0.1,20,102,0.02870982725442923,0.5230971574783325,0.48159265981353383,279319.4375
15,0.2,0.3,15,20,0.0006414368184733803,0.5230545997619629,0.5786266057969942,81276.2734375
10,0.2,0.3,5,23,0.0002654221317820884,0.5226702690124512,0.5642380749202169,66274.125
25,0.2,0.2,50,53,0.01572626130808874,0.5225490927696228,0.5359489551599564,197807.328125
10,0.2,0.3,50,34,0.005706575833314902,0.5224161744117737,0.530358180327613,112597.953125
10,0.05,0.1,5,71,0.005396916679569132,0.5223612785339355,0.4608347757749719,121227.6875
10,0.1,0.15,15,59,0.005485390723496494,0.522355318069458,0.48273832401957306,176060.515625
60,0.2,0.15,5,32,0.002034903010329345,0.5223129391670227,0.5790926897643491,130035.875
10,0.2,0.25,50,45,0.010528411227356175,0.5222320556640625,0.529862885661511,127507.8203125
10,0.2,0.25,5,27,0.00042025170865497336,0.5211520195007324,0.477030186947763,58580.484375
10,0.2,0.25,10,29,0.0009953329941828316,0.5210874676704407,0.5601766643744778,76262.078125
10,0.2,0.3,20,28,0.0007520293733825838,0.5208194851875305,0.5594593458916534,79064.421875
15,0.2,0.5,5,14,0.0,0.5200710296630859,0.5223538978439236,74672.4453125
40,0.2,0.2,5,21,0.000663555329455221,0.520023763179779,0.5566181189144584,101042.7109375
15,0.2,0.25,50,42,0.009002233969609166,0.5199061632156372,0.5305316863081085,142027.0625
60,0.2,0.1,30,104,0.08449271195063149,0.5196421146392822,0.5443140520634204,336561.125
60,0.2,0.15,50,72,0.03507995841719935,0.5193977952003479,0.5674837723159677,271950.21875
10,0.2,0.5,30,15,0.0007299108624007432,0.5192572474479675,0.5719291847550453,70650.328125
25,0.2,0.15,5,36,0.002388799186038796,0.5191734433174133,0.5157226868754134,137054.359375
10,0.2,0.25,30,39,0.00473336135011391,0.5189602375030518,0.518121168101757,102218.0625
15,0.2,0.3,5,19,0.00044237021963681403,0.5181641578674316,0.5641496582813744,81953.515625
10,0.2,0.3,15,27,0.0006193183074915397,0.5177488923072815,0.5742221977974865,79005.234375
15,0.2,0.25,20,29,0.0013049921479286015,0.5171750783920288,0.5098316420184144,109048.2890625
25,0.1,0.1,15,86,0.01636769812656212,0.5165330767631531,0.5011365392359125,232372.03125
60,0.2,0.15,15,41,0.005640220300369379,0.5155361890792847,0.53592330368721,210395.203125
40,0.2,0.2,20,33,0.002587865784875362,0.5151874423027039,0.5573653833226606,124380.8046875
15,0.1,0.1,30,125,0.0654265554842848,0.514822781085968,0.5413208168131625,386809.78125
25,0.2,0.5,5,14,0.0,0.5135144591331482,0.5428820517591958,85984.6875
10,0.2,0.2,10,35,0.002034903010329345,0.5134570002555847,0.501412974649454,91644.921875
15,0.1,0.1,15,91,0.020194200526420562,0.5130232572555542,0.4889559952394494,210305.234375
25,0.2,0.15,50,93,0.06414368184733804,0.5125452876091003,0.5410062912470796,256301.21875
15,0.2,0.25,5,21,0.000818384906328106,0.5124098658561707,0.5742290867828523,76976.6953125
40,0.2,0.1,30,116,0.10554953440534383,0.5121648907661438,0.5582598837324372,368308.0
60,0.2,0.2,50,48,0.011059255490920352,0.5119615793228149,0.5370253653435313,215900.5625
40,0.2,0.15,20,55,0.009289774612373096,0.5117378234863281,0.5154762879014813,197598.8125
10,0.05,0.1,15,97,0.018026586450200173,0.5114002823829651,0.4833669850616335,248495.0
25,0.4,0.3,15,17,0.00126075512596492,0.5100295543670654,0.556733520268552,86302.078125
40,0.4,0.15,50,142,0.3101236424763885,0.509412407875061,0.5868908573200959,216828.640625
15,0.1,0.15,5,40,0.001703125345601734,0.5094096064567566,0.5085759406342603,114470.96875
10,0.2,0.15,50,137,0.12050164782906815,0.5092527866363525,0.5734486415575396,241449.890625
25,0.1,0.1,20,100,0.02605560593660835,0.5089216828346252,0.48421654076516424,283634.0625
15,0.2,0.3,50,32,0.004136161553604211,0.5088636875152588,0.5389545697659004,131226.640625
25,0.4,0.4,50,18,0.0025657472738935213,0.5086868405342102,0.5596029153064711,81533.7890625
10,0.0,0.1,10,79,0.0070779235141890245,0.508202850818634,0.43450684052286104,250283.640625
10,0.2,0.25,20,34,0.0013934661918559642,0.5067355632781982,0.5071123511716025,94443.4296875
10,0.1,0.1,30,149,0.08935878436663644,0.5065551996231079,0.5677442866916914,306883.09375
60,0.2,0.1,10,66,0.015593550242197695,0.5055721402168274,0.5847398537907302,240696.265625
10,0.2,0.5,20,15,0.00017694808785472562,0.5051884651184082,0.5550941325897671,69651.9609375
10,0.1,0.15,10,51,0.003185065581385061,0.5049800872802734,0.505914088935824,142856.515625
40,0.2,0.15,10,40,0.0036716728229855564,0.5047982335090637,0.5628125804814526,124423.3671875
60,0.2,0.1,20,85,0.0434186370573533,0.503940761089325,0.5355116697881778,242144.390625
15,0.2,0.1,30,179,0.1807967087655659,0.5034100413322449,0.5926491013802655,277603.5625
25,0.4,0.3,50,34,0.008869522903718122,0.5030308961868286,0.5844171193403367,85406.4609375
15,0.4,0.5,50,13,0.0014598217248014864,0.50284743309021,0.5429709310100288,70844.4296875
60,0.2,0.15,20,48,0.008935878436663644,0.5026671886444092,0.56040453372888,211792.453125
25,0.2,0.1,30,142,0.13560859082966534,0.5026021599769592,0.5708746464925508,340469.34375
60,0.2,0.1,15,75,0.028223220012828735,0.5025648474693298,0.5712185499288043,241001.328125
25,0.2,0.2,15,37,0.001703125345601734,0.502440333366394,0.5330958109769168,141135.515625
25,0.1,0.1,10,74,0.00975426334299175,0.502324640750885,0.661904177383761,242329.8125
15,0.2,0.2,50,64,0.02074716330096658,0.5014066696166992,0.5449275635482396,154813.640625
40,0.4,0.3,50,29,0.006060472009024352,0.5010227560997009,0.5781442053138018,106364.9140625
25,0.1,0.1,5,64,0.004932427948950477,0.5007134079933167,0.6168722957079507,204833.578125
10,0.2,0.15,20,66,0.019641237751874544,0.5002181529998779,0.5362337294598968,116269.2578125
60,0.4,0.4,50,15,0.000597199796509699,0.49971190094947815,0.5771690339412981,79966.5625
25,0.2,0.15,10,45,0.004711242839132069,0.4989748001098633,0.5185338634540667,123343.734375
25,0.2,0.25,5,21,0.00042025170865497336,0.49885547161102295,0.586237925516506,91446.1015625
40,0.2,0.1,20,100,0.05089469376921545,0.498626708984375,0.5617185946116485,257667.0
10,0.2,0.2,30,50,0.01227577359492159,0.49841806292533875,0.5914286948078735,115330.484375
25,0.2,0.2,20,40,0.002609984295857203,0.4976533055305481,0.5373145077845323,133996.875
25,0.2,0.15,30,73,0.024772732299661586,0.49753549695014954,0.559207416905841,191959.296875
15,0.2,0.15,20,68,0.015239654066488244,0.4959658086299896,0.5439204177714057,149325.75
10,0.05,0.1,10,80,0.01101501846895667,0.4950009882450104,0.4790140354052147,196239.15625
40,0.2,0.1,10,71,0.016987016434053658,0.49378839135169983,0.5642712092296875,198616.4375
10,0.2,0.2,20,48,0.005308442635641768,0.4929725229740143,0.5304231923365982,113899.703125
60,0.4,0.2,10,22,0.002676339828802725,0.4910009205341339,0.5613083137639763,83991.5703125
10,0.2,0.4,5,17,4.4237021963681406e-05,0.4905008375644684,0.5646532116801433,65663.21875
10,0.2,0.15,30,83,0.037269691004401584,0.49020272493362427,0.5748181506329815,154961.203125
60,0.4,0.3,30,18,0.0013049921479286015,0.4892715811729431,0.5906143222113919,97058.3515625
15,0.2,0.15,30,82,0.031010152396540664,0.48781704902648926,0.5497489272329188,169474.96875
15,0.4,0.1,20,292,0.4215788193138838,0.48602133989334106,0.6055044002884057,151925.375
15,0.2,0.25,30,34,0.003715909844949238,0.48529252409935,0.5349547569827053,123902.6484375
15,0.2,0.2,20,45,0.003715909844949238,0.48509833216667175,0.5310841596320213,130133.203125
10,0.2,0.5,15,14,0.00017694808785472562,0.4841934144496918,0.5306899017521712,67614.8984375
60,0.4,0.3,50,26,0.004224635597531575,0.4839506447315216,0.5890965232132401,98637.8046875
10,0.1,0.1,5,71,0.006746145849461415,0.4839383363723755,0.5310724863650823,136545.046875
10,0.2,0.5,10,14,0.00015482957687288493,0.48342323303222656,0.5307169582270626,67615.8125
25,0.4,0.25,15,21,0.00252151025192984,0.48340049386024475,0.5365415383836456,73986.1796875
60,0.4,0.25,50,40,0.0145097432040875,0.482266902923584,0.6049296578344305,114674.765625
10,0.2,0.15,5,42,0.003273539625312424,0.48180389404296875,0.5237703958038645,79302.0625
40,0.4,0.3,15,15,0.0007962663953462653,0.4801853895187378,0.5703244592158934,72848.4140625
15,0.2,0.2,30,51,0.009400367167282299,0.47969546914100647,0.6035870156824906,132978.953125
10,0.1,0.1,20,114,0.04370617770011723,0.47916337847709656,0.5269475255142528,235893.234375
40,0.4,0.4,20,12,0.00028754064276392913,0.47824931144714355,0.5466907994121405,72245.5625
40,0.4,0.3,10,15,0.0006414368184733803,0.47769591212272644,0.5714284704037429,72857.015625
60,0.4,0.15,50,113,0.25684014952113426,0.4773177206516266,0.5834855458908182,195920.828125
60,0.2,0.2,10,25,0.0012165181040012386,0.4771411120891571,0.5616106086626864,111090.140625
25,0.1,0.25,10,28,0.0005308442635641768,0.4769531786441803,0.5300556295092708,105585.8671875
25,0.4,0.25,5,16,0.0009068589502554688,0.47667255997657776,0.5720781821076005,84457.90625
40,0.4,0.2,50,67,0.05688881024529429,0.47617578506469727,0.607813161481411,124808.4609375
40,0.1,0.1,5,55,0.004866072416004954,0.4754197895526886,0.6847607998121854,205042.828125
40,0.4,0.4,15,11,0.00028754064276392913,0.4743632674217224,0.5784177093148523,75188.1796875
40,0.4,0.4,50,16,0.0013049921479286015,0.4742530286312103,0.5545929803379589,68639.5703125
40,0.4,0.4,10,11,0.00015482957687288493,0.4730214774608612,0.5785915222088772,75197.40625
40,0.4,0.25,10,17,0.001415584702837805,0.47246596217155457,0.568565336868975,64519.65625
10,0.1,0.1,15,104,0.028156864479883213,0.4720507264137268,0.5268755528771283,195643.34375
60,0.4,0.3,10,14,0.0005529627745460175,0.47184160351753235,0.6022648088584069,72417.5703125
15,0.2,0.15,50,109,0.08511203025812303,0.4710984230041504,0.5775093775424105,222310.96875
60,0.4,0.4,5,12,0.00022118510981840702,0.4700576066970825,0.6063671389109181,69179.546875
10,0.4,0.3,30,29,0.006370131162770122,0.46997398138046265,0.6340353470151532,51028.9375
15,0.4,0.5,30,12,0.0009953329941828316,0.46995899081230164,0.5655603238294716,64302.74609375
60,0.2,0.1,5,58,0.007476056711862158,0.46960702538490295,0.5937947041979655,184882.0625
25,0.4,0.3,20,19,0.0015925327906925306,0.4694080054759979,0.5695686324818571,79258.2265625
40,0.4,0.3,20,17,0.001105925549092035,0.4692535996437073,0.5537340416478738,65901.84375
60,0.4,0.25,30,29,0.004290991130477096,0.46908682584762573,0.569236354150151,97916.09375
60,0.4,0.4,10,13,0.00024330362080024774,0.4688235819339752,0.6101173685191678,74679.2265625
60,0.4,0.4,15,13,0.00024330362080024774,0.4688235819339752,0.6101173685191678,74679.2265625
60,0.4,0.4,20,13,0.00024330362080024774,0.4688235819339752,0.6101173685191678,74679.2265625
15,0.2,0.2,10,33,0.0018137179005109376,0.46850740909576416,0.5796809441014825,101965.578125
15,0.4,0.25,50,57,0.030589900687885693,0.46768274903297424,0.6101937863108877,94940.5625
40,0.2,0.1,15,89,0.029483975138793656,0.46747317910194397,0.5487274988122369,210086.390625
25,0.4,0.4,30,15,0.0009068589502554688,0.4666599631309509,0.5754711658401879,73910.609375
15,0.4,0.3,10,15,0.0010616885271283536,0.46617045998573303,0.5978420468150714,68632.3125
60,0.4,0.3,5,13,0.00035389617570945125,0.4661007821559906,0.6101162145190565,74677.296875
60,0.4,0.3,15,14,0.0006856738404370618,0.46489569544792175,0.6022452372504759,72424.609375
60,0.4,0.4,30,14,0.00042025170865497336,0.4646640717983246,0.6026918816634411,72428.046875
15,0.4,0.3,50,36,0.011899758908230298,0.46398940682411194,0.5888248469668251,68163.8828125
60,0.4,0.3,20,16,0.0009068589502554688,0.4630540609359741,0.6278953363875834,85293.6640625
15,0.4,0.4,20,14,0.0006414368184733803,0.4624415636062622,0.561518097916802,65429.88671875
60,0.4,0.25,5,13,0.0005750812855278583,0.46243926882743835,0.6096261941631307,74671.984375
60,0.4,0.15,30,79,0.07330074539382009,0.46241241693496704,0.6259891050331838,131373.375
25,0.4,0.3,10,15,0.0008847404392736281,0.46237337589263916,0.5715891631538113,73833.46875
15,0.2,0.2,15,34,0.002433036208002477,0.46109727025032043,0.5836092394467957,101040.1015625
60,0.4,0.2,30,46,0.01638981663754396,0.45962461829185486,0.6175794933548888,108987.6796875
15,0.4,0.25,20,26,0.00597199796509699,0.45905762910842896,0.6231603215812829,67538.21875
15,0.4,0.2,30,61,0.03295658136294265,0.4584503471851349,0.6264313033403694,90574.2421875
15,0.2,0.2,5,27,0.0012165181040012386,0.45838505029678345,0.5834672816851187,74800.7421875
40,0.4,0.4,30,14,0.0003317776647276105,0.4583333432674408,0.5500078132944921,70221.1953125
10,0.4,0.4,50,20,0.004313109641458937,0.45816072821617126,0.5850778100190359,45090.1953125
10,0.2,0.5,5,15,0.0,0.4581596553325653,0.5397313578128795,62802.75
40,0.4,0.15,20,64,0.035433854592908806,0.45735931396484375,0.6287004649575916,118076.265625
25,0.2,0.15,20,59,0.012629669770631041,0.45681241154670715,0.5773604826596687,149559.421875
15,0.4,0.4,50,21,0.003185065581385061,0.4565633237361908,0.5919794505614545,63483.953125
25,0.4,0.5,50,12,0.000818384906328106,0.4563482999801636,0.5928642526525411,64319.6796875
25,0.2,0.1,20,112,0.06359071907279203,0.45588260889053345,0.6323940209127914,215134.4375
15,0.1,0.1,20,103,0.03171794474795957,0.455577552318573,0.5324307046237141,254910.6875
10,0.2,0.2,15,46,0.003207184092366902,0.45497646927833557,0.5431676395662908,95702.5703125
15,0.2,0.15,5,40,0.002764813872730088,0.45379745960235596,0.5883637946088861,114018.796875
10,0.4,0.3,50,43,0.014399150649178297,0.4537910521030426,0.587775317786101,69924.375
60,0.4,0.2,50,66,0.05346044104310898,0.4535326063632965,0.664339591998671,141852.140625
60,0.4,0.5,5,9,4.4237021963681406e-05,0.45295214653015137,0.6027289633715659,65668.4609375
15,0.4,0.25,30,37,0.011236203578775077,0.4518994688987732,0.6485600410614172,72185.125
40,0.4,0.25,5,17,0.0009953329941828316,0.45169204473495483,0.5698142743463007,55412.78515625
60,0.4,0.2,15,26,0.004534294751277344,0.4510444402694702,0.5507338468504415,73916.78125
25,0.4,0.25,30,34,0.008095375019353698,0.45100274682044983,0.5930398689888101,67423.3828125
25,0.4,0.4,20,14,0.0007962663953462653,0.4489944875240326,0.5967508731868894,60712.08203125
60,0.4,0.15,20,56,0.03054566366592201,0.4482533633708954,0.6311216742531869,115538.828125
25,0.4,0.25,20,27,0.003428369202185309,0.44628265500068665,0.5524149379070925,58830.45703125
60,0.4,0.25,20,20,0.002057021521311185,0.44440674781799316,0.5977144813591876,71824.984375
15,0.4,0.3,20,20,0.002764813872730088,0.4441676139831543,0.5928480872792351,64976.91015625
15,0.2,0.1,20,126,0.08141823892415563,0.44321075081825256,0.5942913905047696,186591.328125
10,0.2,0.1,20,163,0.10083829156621177,0.44250014424324036,0.5963062115876429,167919.765625
40,0.4,0.2,10,21,0.002919643449602973,0.4422967731952667,0.5762721629677098,59893.0
40,0.4,0.15,30,86,0.07969299506757205,0.44188621640205383,0.614827145254708,113799.203125
15,0.4,0.3,30,26,0.004711242839132069,0.4417639672756195,0.6086381749363571,52389.8203125
15,0.2,0.15,10,48,0.005131494547787043,0.44089317321777344,0.5743683453733429,103829.4453125
25,0.2,0.1,15,104,0.039149764437858045,0.4408497214317322,0.5399441594004308,167815.859375
15,0.2,0.15,15,63,0.008781048859790759,0.4402432143688202,0.5744500622444808,135161.15625
40,0.4,0.25,15,21,0.001857954922474619,0.4399612247943878,0.5767342558451506,59933.96484375
10,0.2,0.15,15,60,0.011988232952157661,0.4395768642425537,0.5609309899864209,109229.7421875
15,0.4,0.2,20,47,0.015040587467651677,0.4395046532154083,0.6103164749022507,71031.1484375
40,0.2,0.15,15,44,0.006148946052951716,0.4389626979827881,0.5519516576337872,116607.78125
10,0.4,0.2,50,133,0.1976952511556922,0.43894487619400024,0.6447832093286312,95977.8984375
10,0.4,0.4,30,15,0.0019021919444383005,0.43880409002304077,0.5997666866179122,48526.99609375
15,0.4,0.4,15,13,0.0005529627745460175,0.43873414397239685,0.5836446614430293,58992.40625
15,0.4,0.4,10,13,0.00042025170865497336,0.4381144940853119,0.5858471780943856,59002.6875
40,0.4,0.25,20,21,0.002300325142111433,0.4371148347854614,0.5778346998858856,59906.734375
10,0.4,0.15,30,184,0.23197894317754528,0.4369330108165741,0.6169645462273563,95624.0078125
40,0.4,0.2,30,45,0.018800734334564598,0.4368717670440674,0.5954656605125784,107294.2109375
25,0.4,0.3,30,25,0.002477273229966159,0.4360319972038269,0.5689412486329641,63225.04296875
60,0.4,0.5,10,10,6.63555329455221e-05,0.43593838810920715,0.5866223525759845,59782.4140625
25,0.4,0.2,10,28,0.003981331976731326,0.43476220965385437,0.6073302777971865,56736.08984375
40,0.2,0.1,5,59,0.007697241821680564,0.4347240626811981,0.6076651709146808,148278.828125
25,0.4,0.25,10,20,0.00157041427971069,0.4344864785671234,0.5911413846941824,69649.9609375
15,0.4,0.4,30,16,0.0018137179005109376,0.433993399143219,0.6447514559534941,61335.52734375
40,0.4,0.25,50,42,0.01658888323638053,0.43369370698928833,0.6065364707629981,112183.53125
40,0.4,0.3,30,18,0.001481940235783327,0.43365493416786194,0.5556241811374613,62044.96875
25,0.4,0.1,20,234,0.3098582203446064,0.43212583661079407,0.6174007621190158,155162.25
25,0.4,0.2,50,88,0.08197120169870165,0.42959970235824585,0.6543173201539128,120816.6484375
15,0.4,0.2,5,25,0.002433036208002477,0.4279939532279968,0.5785085324432547,54358.16015625
15,0.4,0.25,5,17,0.0012828736369467607,0.42699873447418213,0.5959235386678394,60086.50390625
25,0.4,0.15,20,74,0.04571896219946473,0.42694467306137085,0.6176967249506731,96130.8125
60,0.4,0.25,15,18,0.0014598217248014864,0.42685365676879883,0.6715052288870278,76762.1953125
15,0.4,0.5,10,12,0.00030965915374576986,0.4265012741088867,0.613826165668545,52340.56640625
10,0.2,0.15,10,55,0.006215301585897237,0.4254317283630371,0.5641779879195843,102038.2578125
10,0.4,0.25,20,36,0.006148946052951716,0.42446044087409973,0.5687111754858277,42871.75
15,0.4,0.5,20,12,0.00035389617570945125,0.4241594672203064,0.6114260665663342,52335.98828125
40,0.4,0.5,50,9,0.00022118510981840702,0.423706978559494,0.5842344766086418,56827.53515625
10,0.4,0.25,50,65,0.0428214372608436,0.42363598942756653,0.6341169076434016,70743.4609375
10,0.4,0.25,30,45,0.013403817654995466,0.4236016571521759,0.6381443184314439,66811.375
15,0.4,0.5,15,12,0.0003317776647276105,0.42352554202079773,0.6138251557600144,52338.3515625
25,0.4,0.5,30,11,0.0006414368184733803,0.42331889271736145,0.6175193606798252,61416.78125
40,0.4,0.25,30,31,0.004888190926986795,0.422699898481369,0.5740668345170399,81120.28125
15,0.4,0.15,15,68,0.03399615137908916,0.4221368134021759,0.6147173932192977,80775.65625
15,0.1,0.1,10,77,0.011236203578775077,0.4218151867389679,0.6816157738534336,176967.453125
40,0.4,0.5,30,9,0.0001327110658910442,0.4213291108608246,0.5844018966612938,56834.22265625
40,0.4,0.2,5,18,0.0017694808785472561,0.42041102051734924,0.7320225162614741,60704.78515625
40,0.4,0.2,15,25,0.0045564132622591845,0.4202345311641693,0.5909326193040977,63556.35546875
60,0.4,0.5,50,11,0.00022118510981840702,0.4197789132595062,0.6009241291260176,61772.7890625
40,0.4,0.5,20,9,8.847404392736281e-05,0.4186720848083496,0.5844313097582787,56836.046875
60,0.4,0.5,15,11,8.847404392736281e-05,0.4173623025417328,0.6010493180948611,61777.19140625
60,0.4,0.5,20,11,8.847404392736281e-05,0.4173623025417328,0.6010493180948611,61777.19140625
10,0.1,0.1,10,84,0.014266439583287252,0.41574737429618835,0.5935304711478544,144622.8125
60,0.4,0.5,30,11,0.00011059255490920351,0.4152012765407562,0.6010422213302197,61777.8125
60,0.4,0.25,10,16,0.0009953329941828316,0.4137389659881592,0.7146171221661237,68085.578125
10,0.0,0.1,5,72,0.0036053172900400343,0.4133336842060089,0.5477801124104276,138895.796875
60,0.4,0.2,20,32,0.0066355532945522105,0.4115608036518097,0.6002164312575194,89522.171875
60,0.4,0.15,5,29,0.004047687509676849,0.41105663776397705,0.5908236946715157,66179.28125
40,0.4,0.5,10,8,4.4237021963681406e-05,0.4104738235473633,0.5599106171329533,51536.43359375
25,0.4,0.2,15,35,0.005817168388224105,0.410372257232666,0.5723016875487529,47631.8984375
60,0.4,0.15,10,35,0.009179182057463892,0.4097953736782074,0.6101030492442086,84401.921875
15,0.2,0.1,10,103,0.024772732299661586,0.40945926308631897,0.5676378739926358,118343.4921875
25,0.2,0.1,10,85,0.019685474773838224,0.40600094199180603,0.5533444082473551,150080.390625
25,0.4,0.2,5,24,0.0017473623675654155,0.40529003739356995,0.5670790572607606,63235.515625
10,0.4,0.2,20,48,0.019353697109110616,0.4052358567714691,0.6567786606365374,54771.78515625
15,0.4,0.2,15,38,0.008913759925681802,0.4052135944366455,0.6259315759642587,57279.21484375
40,0.4,0.5,5,8,2.2118510981840703e-05,0.404220849275589,0.5599158994179461,51537.49609375
40,0.4,0.5,15,8,8.847404392736281e-05,0.4036308228969574,0.5598982576696251,51534.578125
15,0.4,0.2,50,98,0.1227577359492159,0.4018842279911041,0.6367245746642757,99205.1640625
25,0.4,0.25,50,45,0.023976465904315323,0.4010727107524872,0.6263770341520833,99861.1640625
40,0.4,0.3,5,11,0.0003317776647276105,0.40097689628601074,0.6235130572772456,50021.16015625
60,0.4,0.15,15,49,0.017915993895290968,0.4004499614238739,0.6126798152235005,105319.734375
10,0.4,0.2,30,70,0.04189245979960629,0.3993855118751526,0.6477587377207656,66564.3671875
10,0.2,0.1,15,127,0.058990068788569154,0.398007333278656,0.6134294885580042,130567.6875
15,0.4,0.15,20,82,0.057463891530822146,0.39791393280029297,0.636167096557933,83473.4140625
10,0.4,0.2,10,37,0.005396916679569132,0.39555487036705017,0.625398217988283,35815.24609375
40,0.4,0.15,15,55,0.020901992877839465,0.3941580057144165,0.6606107384541391,93018.9296875
10,0.4,0.2,15,45,0.011523744221539007,0.39377322793006897,0.5604683989689397,52789.94140625
25,0.4,0.15,10,46,0.013470173187940988,0.3904348611831665,0.6003290055406257,76834.796875
10,0.2,0.1,10,104,0.03238150007741479,0.38985148072242737,0.58461172518054,111443.8046875
15,0.2,0.1,15,111,0.04908097586870452,0.3887670040130615,0.5690388206920443,143890.90625
25,0.4,0.15,30,106,0.11065891044214904,0.38875794410705566,0.6319771702623783,106504.671875
10,0.4,0.3,10,15,0.001105925549092035,0.38548508286476135,0.5925639118002549,45675.3984375
25,0.4,0.2,20,40,0.011767047842339253,0.38511866331100464,0.5983508779774743,64115.02734375
15,0.4,0.2,10,30,0.004954546459932318,0.3845500349998474,0.6175265227094234,60409.23046875
25,0.2,0.1,5,66,0.009356130145318617,0.3845495879650116,0.6135460786722658,93621.7734375
40,0.4,0.15,10,39,0.008913759925681802,0.38446781039237976,0.588943566217633,69650.0546875
15,0.4,0.3,5,14,0.0007520293733825838,0.3844592571258545,0.5873427231941974,54468.71875
25,0.2,0.15,15,55,0.007498175222843998,0.3825700581073761,0.6130435935779757,110749.6171875
40,0.4,0.2,20,35,0.00816173055229922,0.38118550181388855,0.5971456885919961,68831.28125
25,0.4,0.2,30,53,0.024905443365552633,0.38034629821777344,0.6553993066369178,92383.6953125
25,0.4,0.3,5,12,0.00039813319767313264,0.3791465759277344,0.6158568583409371,55871.70703125
10,0.4,0.25,10,21,0.002012784499347504,0.3771961033344269,0.783899970561311,40635.015625
40,0.4,0.4,5,9,8.847404392736281e-05,0.376829594373703,0.5912243918859468,51587.50390625
15,0.4,0.4,5,13,0.00017694808785472562,0.37476497888565063,0.6152744168062468,47989.55859375
25,0.4,0.4,15,12,0.00030965915374576986,0.3729151487350464,0.6184811980111576,55868.71484375
15,0.4,0.5,5,13,6.63555329455221e-05,0.3684198260307312,0.6209067836937864,47993.046875
10,0.4,0.3,15,21,0.0015482957687288491,0.36826908588409424,0.6813082679415061,37291.890625
25,0.4,0.5,20,12,8.847404392736281e-05,0.36810892820358276,0.6190099975879433,55887.765625
10,0.4,0.15,15,79,0.043285925991462255,0.36719751358032227,0.6467854782250868,57248.9765625
10,0.4,0.3,20,25,0.002698458339784566,0.3659029006958008,0.736375212476841,34863.15234375
15,0.4,0.25,15,26,0.0033841321802216273,0.3657163977622986,0.6208326502622832,52009.01953125
40,0.4,0.1,20,182,0.2353630753577669,0.364849716424942,0.6788544288562677,135996.078125
10,0.4,0.15,5,46,0.0076751233106987235,0.3636106848716736,0.625621157708337,40568.41015625
10,0.4,0.25,5,16,0.0010174515051646724,0.3634410500526428,0.6174112910070462,42601.23046875
40,0.4,0.15,5,24,0.00411404304262237,0.3621962368488312,0.6439469319437608,65924.2265625
15,0.4,0.25,10,23,0.00221185109818407,0.3613622486591339,0.6205587232757958,56354.109375
10,0.4,0.1,15,351,0.29837871314503106,0.3612928092479706,0.6573660826912888,81291.4765625
25,0.4,0.4,10,11,0.00024330362080024774,0.35987818241119385,0.6364817810108621,51419.0390625
60,0.4,0.2,5,19,0.0014377032138196456,0.3584991693496704,0.7058740204037498,57109.38671875
25,0.4,0.5,10,11,4.4237021963681406e-05,0.35830962657928467,0.6366745110449754,51422.8671875
25,0.4,0.5,15,11,4.4237021963681406e-05,0.35830962657928467,0.6366745110449754,51422.8671875
15,0.4,0.3,15,19,0.001415584702837805,0.3580276072025299,0.659128563584844,60555.42578125
25,0.4,0.15,15,59,0.02647585764526332,0.3546459972858429,0.6804945485205564,82881.0703125
10,0.4,0.5,30,10,0.0008626219282917873,0.3514866828918457,0.6051779441658665,37482.7421875
10,0.4,0.5,50,12,0.0012165181040012386,0.3514139652252197,0.5982377329888823,31823.888671875
10,0.4,0.25,15,28,0.00347260622414899,0.3495910167694092,0.7592461767185806,37740.5859375
15,0.4,0.15,10,55,0.01669947579128973,0.3470247983932495,0.6405546172583706,70831.703125
15,0.4,0.15,30,128,0.15613456902081352,0.3458004891872406,0.6360553129932665,90189.5703125
60,0.4,0.1,20,155,0.20437504147220809,0.34215375781059265,0.7055291228997782,134376.34375
25,0.4,0.5,5,9,0.0,0.341964989900589,0.6337147551983825,46840.3671875
10,0.4,0.15,10,61,0.021432837141403642,0.33813217282295227,0.6189465232598134,51700.9375
10,0.2,0.1,5,87,0.012452721682776316,0.3326323628425598,0.6001031519471276,79917.46875
40,0.4,0.1,10,100,0.06047200902435248,0.32363027334213257,0.6400052229296799,81955.625
10,0.4,0.15,20,114,0.07896308420517131,0.320174902677536,0.714514065980072,60785.12109375
15,0.2,0.1,5,78,0.010285107606555927,0.31653159856796265,0.633089396624994,110845.0859375
60,0.4,0.1,10,89,0.05438941850434629,0.3131888210773468,0.7012899640702396,80861.359375
60,0.4,0.1,15,114,0.11446329433102563,0.30074483156204224,0.6826955030676652,97989.875
15,0.4,0.1,15,243,0.21948198447280529,0.29972198605537415,0.7130763961856172,83685.71875
10,0.4,0.4,20,12,0.0005308442635641768,0.2993663251399994,0.6704353249668141,33556.83984375
10,0.4,0.4,10,12,0.00044237021963681403,0.29610133171081543,0.6703951837940249,33557.58984375
10,0.4,0.4,15,12,0.00044237021963681403,0.29610133171081543,0.6703951837940249,33557.58984375
25,0.4,0.1,15,176,0.16593306938576896,0.29474273324012756,0.7140024598868355,90222.671875
25,0.4,0.4,5,10,6.63555329455221e-05,0.290558397769928,0.6342808752196925,41662.65625
15,0.4,0.15,5,38,0.006569197761606689,0.28586146235466003,0.8085129469472363,36411.2734375
25,0.4,0.1,10,119,0.07345557497069297,0.2764308452606201,0.6461297054523182,77070.3203125
40,0.4,0.1,15,128,0.1309637035234788,0.27501070499420166,0.647384391266169,89637.15625
10,0.4,0.5,15,11,0.0002654221317820884,0.27144208550453186,0.6733402902359361,33763.30078125
10,0.4,0.5,20,11,0.0002654221317820884,0.27144208550453186,0.6733402902359361,33763.30078125
10,0.4,0.5,10,11,0.00022118510981840702,0.2691029906272888,0.6733559971117465,33765.08203125
10,0.4,0.3,5,14,0.0005750812855278583,0.264667809009552,0.6795788871568098,28450.1015625
10,0.4,0.4,5,13,0.0002654221317820884,0.2637033462524414,0.6905917375536164,30770.515625
10,0.4,0.5,5,12,4.4237021963681406e-05,0.23752473294734955,0.6950097882833219,30704.341796875
60,0.4,0.1,5,74,0.0183141270929641,0.225677490234375,0.6955017329149742,64702.84765625
15,0.4,0.1,10,140,0.0953750193536971,0.22443513572216034,0.6907905974118306,56456.0234375
10,0.4,0.2,5,27,0.002256088120147752,0.21928486227989197,0.8525135395640213,30443.869140625
40,0.4,0.1,5,80,0.01953064519696534,0.16057752072811127,0.6953632968123247,43850.69140625
15,0.4,0.1,5,114,0.03054566366592201,0.1420566886663437,0.8789566855928632,39297.453125
25,0.4,0.15,5,37,0.00535267965760545,0.13915586471557617,0.9196344216152422,42141.671875
25,0.4,0.1,5,95,0.024706376766716064,0.13540364801883698,0.8346748615336255,48317.73046875
10,0.4,0.1,10,207,0.12401849107518081,0.13250945508480072,0.8095948691579895,40803.05859375
10,0.4,0.1,5,142,0.03649554312003716,0.11135847121477127,0.7580160692906881,30346.4765625
10,0.2,0.1,50,126,0.6349118577337374,-inf,inf,-inf
10,0.4,0.1,30,81,0.8800070779235142,-inf,inf,-inf
10,0.4,0.1,50,3,0.9953108756718497,-inf,inf,-inf
10,0.4,0.15,50,95,0.75979297073721,-inf,inf,-inf
15,0.4,0.1,30,105,0.8144699298843202,-inf,inf,-inf
15,0.4,0.1,50,12,0.9775497113534317,-inf,inf,-inf
15,0.4,0.15,50,125,0.6254230165225277,-inf,inf,-inf
25,0.4,0.1,30,163,0.6672712393001703,-inf,inf,-inf
25,0.4,0.1,50,23,0.9520249496803875,-inf,inf,-inf
40,0.4,0.1,50,35,0.9153745769834775,-inf,inf,-inf
60,0.4,0.1,50,42,0.8946716507044746,-inf,inf,-inf
